E,L,V,Real,Predictions,Doble Opcion1,Doble Opcion2,Aciertos,Apuntes Real
0.2797791329206086,0.4930052257769175,0.22721564130247382,L,L,LE,LE,1,LE
0.280364379287845,0.35746356047685607,0.36217206023529885,V,V,EV,VL,1,VL
0.2646840687126141,0.5075501823049,0.22776574898248597,L,L,LE,LE,1,LE
0.19484055922163224,0.7119429833810086,0.09321645739735919,L,L,L,L,1,L
0.25587321982453487,0.18310892396317036,0.5610178562122947,V,V,EV,VE,1,VE
0.2616042752399094,0.31176722557292846,0.42662849918716217,V,V,EV,VL,1,VL
0.24128923289130805,0.5220148980367064,0.23669586907198553,E,L,LE,LE,1,LE
0.2593957262538442,0.5309984569700972,0.20960581677605852,V,L,LE,LE,0,VA
0.26082316426473845,0.4496275393194378,0.2895492964158239,L,L,LE,LV,1,LV
0.2952755601517455,0.38688883749817715,0.3178356023500773,L,L,LE,LV,1,LV
0.2189069689643696,0.628404672872064,0.15268835816356638,L,L,L,L,1,L
0.2572791259381444,0.46542880284997,0.27729207121188565,L,L,LE,LV,1,LV
0.15409786522914837,0.7602529767331758,0.08564915803767584,V,L,L,L,0,VA
0.27888360827261804,0.4696643527631034,0.2514520389642784,L,L,LE,LE,1,LE
0.26038689828972483,0.45647642121939513,0.2831366804908801,E,L,LE,LV,0,VA
0.2522227785182209,0.5607601129460899,0.1870171085356892,L,L,LE,LE,1,LE
0.24257762711093667,0.4934364341034161,0.2639859387856473,L,L,LE,LV,1,LV
0.27040624909730193,0.5031043726316636,0.22648937827103435,L,L,LE,LE,1,LE
0.16935463898261835,0.7619222409800606,0.06872312003732112,L,L,L,L,1,L
0.2640048909530335,0.513932174980663,0.2220629340663035,V,L,LE,LE,0,VA
0.2277587550733984,0.5261652297213477,0.24607601520525388,E,L,LE,LV,0,VA
0.27135887515872903,0.4795158981275413,0.24912522671372964,V,L,LE,LE,0,VA
0.17812742718207406,0.07271273720540562,0.7491598356125204,E,V,V,V,0,VA
0.22928246319025633,0.5467445257870778,0.22397301102266587,L,L,LE,LE,1,LE
0.16865227509987327,0.05419631822461669,0.7771514066755101,E,V,V,V,0,VA
0.26371983606345706,0.49849367232791547,0.23778649160862755,L,L,LE,LE,1,LE
0.16429048059671253,0.7873130732572814,0.048396446146006224,E,L,L,L,0,VA
0.3049055015229471,0.3968196555955748,0.2982748428814781,V,L,LE,LE,0,VA
0.19055239789717454,0.7142961125311829,0.09515148957164261,L,L,L,L,1,L
0.2657931628975261,0.44082513671480467,0.2933817003876693,L,L,LE,LV,1,LV
0.09103265398775567,0.8870666454437685,0.02190070056847595,L,L,L,L,1,L
0.278522245351833,0.47732768461698155,0.24415007003118533,V,L,LE,LE,0,VA
0.2642202279865414,0.5083581147315887,0.22742165728187003,L,L,LE,LE,1,LE
0.29491277892143153,0.3690843646789433,0.33600285639962507,V,L,LE,LV,1,LV
0.23541734285198118,0.542836453326794,0.2217462038212249,V,L,LE,LE,0,VA
0.2636589411645334,0.4086342308881451,0.32770682794732137,V,L,LE,LV,1,LV
0.2944628798191032,0.4010965976058027,0.3044405225750941,V,L,LE,LV,1,LV
0.28339646752754866,0.43348012276038667,0.28312340971206473,V,L,LE,LE,0,VA
0.22784668904409364,0.5955039026175819,0.17664940833832452,E,L,LE,LE,1,LE
0.2715834802957892,0.5099001143942419,0.21851640530996888,L,L,LE,LE,1,LE
0.2730528458265802,0.45175451434168284,0.27519263983173703,L,L,LE,LV,1,LV
0.2725383009197702,0.5478107273099498,0.17965097177027997,V,L,LE,LE,0,VA
0.3164420745333366,0.18955472440157384,0.49400320106508955,V,V,EV,VE,1,VE
0.1731684040868998,0.7149981987047107,0.11183339720838949,V,L,L,L,0,VA
0.2694398361578574,0.1442726320185923,0.5862875318235503,L,V,EV,VE,0,VA
0.2674014100233935,0.4264753669473063,0.30612322302930023,V,L,LE,LV,1,LV
0.2540576381084813,0.5482841361287685,0.19765822576275016,L,L,LE,LE,1,LE
0.3048485441494682,0.413040664366626,0.28211079148390583,E,L,LE,LE,1,LE
0.20319522032290893,0.68671073691024,0.11009404276685116,E,L,L,L,0,VA
0.30142908958695047,0.38381333559406267,0.31475757481898675,E,L,LE,LV,0,VA
0.2702624984789776,0.46983959089186395,0.2598979106291585,L,L,LE,LE,1,LE
0.22242136196138074,0.6777894359415001,0.0997892020971191,L,L,L,L,1,L
0.28646040495087854,0.3393523573807681,0.37418723766835343,V,V,EV,VL,1,VL
0.25853296947690524,0.5339522310557957,0.20751479946729906,L,L,LE,LE,1,LE
0.2925912992619157,0.36639445728514414,0.34101424345294007,L,L,LE,LV,1,LV
0.19159427902343848,0.7292351923705014,0.07917052860606007,L,L,L,L,1,L
0.14615795852044924,0.8081621362717799,0.0456799052077709,L,L,L,L,1,L
0.3016092583466596,0.37373780783825006,0.32465293381509036,V,L,LE,LV,1,LV
0.25451230063760644,0.41836249035815914,0.3271252090042345,V,L,LE,LV,1,LV
0.21381657560027714,0.5996199361596729,0.18656348824004998,L,L,LE,LE,1,LE
0.2995609241244519,0.3467684808124986,0.3536705950630494,V,V,EV,VL,1,VL
0.2682231915188993,0.4375034289258149,0.2942733795552858,L,L,LE,LV,1,LV
0.21228503289577305,0.6180159522687825,0.16969901483544436,L,L,L,L,1,L
0.21713799933472303,0.6262860063508715,0.1565759943144054,L,L,L,L,1,L
0.20104069797682456,0.6751970918341349,0.12376221018904046,L,L,L,L,1,L
0.2660562067631233,0.4471274501357881,0.28681634310108867,V,L,LE,LV,1,LV
0.2734151256998704,0.46672362286195035,0.25986125143817934,E,L,LE,LE,1,LE
0.2745374610686674,0.46751989885869777,0.2579426400726349,L,L,LE,LE,1,LE
0.29118027223144666,0.3815688061591097,0.32725092160944363,L,L,LE,LV,1,LV
0.24846655452221006,0.6005317380250491,0.15100170745274075,V,L,L,L,0,VA
0.26416359773079645,0.5199980194524471,0.21583838281675646,L,L,LE,LE,1,LE
0.28505719231813664,0.5041863218301729,0.21075648585169046,V,L,LE,LE,0,VA
0.2692058964232946,0.4930048695422344,0.23778923403447105,E,L,LE,LE,1,LE
0.26965857342365995,0.3881674739956223,0.3421739525807176,E,L,LE,LV,0,VA
0.2669201285800073,0.3647206851966006,0.36835918622339214,L,V,EV,VL,1,VL
0.25220849120991906,0.5183753785281514,0.22941613026192953,V,L,LE,LE,0,VA
0.2852487264631141,0.569818175683468,0.1449330978534177,L,L,LE,LE,1,LE
0.23250441664567695,0.49784399233031756,0.26965159102400554,V,L,LE,LV,1,LV
0.2536211698054128,0.4936808078859925,0.2526980223085947,E,L,LE,LE,1,LE
0.2547191101789078,0.48699893805059835,0.2582819517704938,L,L,LE,LV,1,LV
0.2712860612596118,0.46912544733828715,0.2595884914021011,L,L,LE,LE,1,LE
0.28755022964269855,0.4091606873898716,0.30328908296742985,E,L,LE,LV,0,VA
0.24185701980414284,0.44292804773455796,0.31521493246129917,L,L,LE,LV,1,LV
0.26975954686469517,0.4706622006882204,0.2595782524470844,V,L,LE,LE,0,VA
0.25387137797660464,0.17782671510632736,0.5683019069170681,L,V,EV,VE,0,VA
0.24375892172887648,0.3562093228875863,0.40003175538353725,E,V,EV,VL,0,VA
0.2635926237204924,0.4382735995292177,0.29813377675029007,L,L,LE,LV,1,LV
0.27965926689256504,0.3982634972521437,0.32207723585529113,V,L,LE,LV,1,LV
0.25415693730330335,0.3993516362621554,0.3464914264345413,L,L,LE,LV,1,LV
0.2757829068175221,0.3573902011150755,0.3668268920674024,L,V,EV,VL,1,VL
0.07840497278606695,0.8983023560873645,0.023292671126568503,L,L,L,L,1,L
0.25666040622894293,0.235793576660626,0.5075460171104311,V,V,EV,VE,1,VE
0.2165940731155079,0.6453098320692815,0.1380960948152106,E,L,L,L,0,VA
0.24490988206316122,0.477272634683644,0.2778174832531947,L,L,LE,LV,1,LV
0.2624550926050077,0.38671998045957867,0.3508249269354137,V,L,LE,LV,1,LV
0.13042999666799154,0.8295192655027306,0.040050737829277705,L,L,L,L,1,L
0.2634973188724516,0.3466336290675531,0.3898690520599953,E,V,EV,VL,0,VA
0.25476005525874695,0.5407022747464277,0.20453766999482534,E,L,LE,LE,1,LE
0.2401741179412911,0.6199968923689101,0.13982898968979876,L,L,L,L,1,L
0.2904817724766079,0.4816707727834695,0.22784745473992252,L,L,LE,LE,1,LE
0.1850223955039776,0.7300384936739521,0.08493911082207041,L,L,L,L,1,L
0.2697384967765012,0.38871656686687683,0.341544936356622,V,L,LE,LV,1,LV
0.2782335036596768,0.4624365325477532,0.2593299637925701,E,L,LE,LE,1,LE
0.3069996206626647,0.44506895375188227,0.24793142558545306,V,L,LE,LE,0,VA
0.26325332616013725,0.39965442506739796,0.33709224877246474,V,L,LE,LV,1,LV
0.11568130700388941,0.844659034788466,0.03965965820764451,L,L,L,L,1,L
0.11984921867485387,0.8429222170231258,0.03722856430202045,V,L,L,L,0,VA
0.27302955742894025,0.3169583718734836,0.4100120706975761,L,V,EV,VL,1,VL
0.277361823900549,0.43684122846162726,0.2857969476378237,V,L,LE,LV,1,LV
0.2671928043845349,0.39768520096735555,0.33512199464810966,L,L,LE,LV,1,LV
0.25992350034682743,0.3756724288870248,0.36440407076614767,E,L,LE,LV,0,VA
0.2535748391158666,0.3971974869533828,0.3492276739307506,E,L,LE,LV,0,VA
0.2602346637552231,0.3136469273945043,0.42611840885027263,V,V,EV,VL,1,VL
0.21949494129960487,0.5716348435068938,0.20887021519350138,L,L,LE,LE,1,LE
0.28229166550597934,0.38109902916313687,0.3366093053308838,V,L,LE,LV,1,LV
0.27914993310504715,0.4825917962679286,0.23825827062702434,E,L,LE,LE,1,LE
0.25641481253556425,0.48942975280810314,0.2541554346563326,E,L,LE,LE,1,LE
0.2741980152787915,0.3531780830743482,0.37262390164686027,L,V,EV,VL,1,VL
0.2786066239318468,0.43783850899076876,0.28355486707738436,V,L,LE,LV,1,LV
0.2651884306167074,0.4766546028084816,0.25815696657481085,L,L,LE,LE,1,LE
0.25829111759558493,0.3582458385191911,0.3834630438852239,L,V,EV,VL,1,VL
0.3245290935724041,0.3492797965650933,0.32619110986250255,E,L,LE,LV,0,VA
0.26818436908180787,0.23578645214759775,0.4960291787705943,L,V,EV,VE,0,VA
0.14032393788626432,0.7848867005358053,0.07478936157793022,L,L,L,L,1,L
0.16446161335693282,0.7493611445942419,0.08617724204882521,L,L,L,L,1,L
0.2811890736214688,0.4917899981421404,0.2270209282363907,E,L,LE,LE,1,LE
0.09140794371484792,0.8808876850386095,0.027704371246542556,L,L,L,L,1,L
0.2896134535759282,0.378900122373242,0.33148642405082973,V,L,LE,LV,1,LV
0.28019478498386136,0.4952184330783209,0.2245867819378177,V,L,LE,LE,0,VA
0.2627606820925641,0.48559349847845806,0.25164581942897774,L,L,LE,LE,1,LE
0.2863313017118303,0.46275918784461856,0.25090951044355114,V,L,LE,LE,0,VA
0.2797956265950771,0.4734286938449269,0.24677567955999602,L,L,LE,LE,1,LE
0.2586386213203597,0.4707924004707639,0.2705689782088763,E,L,LE,LV,0,VA
0.289913285321962,0.20063136238594761,0.5094553522920904,V,V,EV,VE,1,VE
0.2443979881768673,0.48592431122637053,0.26967770059676205,L,L,LE,LV,1,LV
0.2668884205190155,0.4508613521886148,0.2822502272923696,V,L,LE,LV,1,LV
0.2242888800701645,0.6814243040245087,0.09428681590532682,E,L,L,L,0,VA
0.2626479672864719,0.49676342849597244,0.24058860421755568,V,L,LE,LE,0,VA
0.28775574458912645,0.38979275764622434,0.3224514977646492,L,L,LE,LV,1,LV
0.260040383228491,0.4589099174443525,0.2810496993271566,L,L,LE,LV,1,LV
0.28046852365529656,0.433978678442072,0.28555279790263133,L,L,LE,LV,1,LV
0.260090987303249,0.5313813605491517,0.20852765214759916,V,L,LE,LE,0,VA
0.3086608845924525,0.46428192474231084,0.2270571906652368,L,L,LE,LE,1,LE
0.20594568036191654,0.6510032413529213,0.14305107828516223,L,L,L,L,1,L
0.3093139000233684,0.40991268663762326,0.2807734133390084,V,L,LE,LE,0,VA
0.11414463241518957,0.8554374204629459,0.030417947121864644,L,L,L,L,1,L
0.2558004389485597,0.4486246926662101,0.29557486838523017,E,L,LE,LV,0,VA
0.2564141873221393,0.5422792300764867,0.20130658260137407,E,L,LE,LE,1,LE
0.22148734833216718,0.5804567711486647,0.19805588051916811,L,L,LE,LE,1,LE
0.28518678190975766,0.4810228109503894,0.23379040713985294,V,L,LE,LE,0,VA
0.22139019826613396,0.6170234990352647,0.16158630269860136,L,L,L,L,1,L
0.10119593266246345,0.8574995947247975,0.04130447261273905,L,L,L,L,1,L
0.2826613272511012,0.38653838227588594,0.33080029047301296,L,L,LE,LV,1,LV
0.27686611825580654,0.2971314623059249,0.42600241943826855,L,V,EV,VL,1,VL
0.2945453956369002,0.4033676952176139,0.302086909145486,L,L,LE,LV,1,LV
0.14106905438223905,0.7662543216456351,0.09267662397212577,L,L,L,L,1,L
0.26056624949881346,0.36591169318698147,0.373522057314205,E,V,EV,VL,0,VA
0.2876170292493994,0.23040889691745872,0.48197407383314195,L,V,EV,VE,0,VA
0.24476714474392103,0.40463580877295463,0.35059704648312434,V,L,LE,LV,1,LV
0.25362641199535296,0.5755019619890815,0.1708716260155655,L,L,LE,LE,1,LE
0.3001078511279187,0.28138073159044535,0.418511417281636,V,V,EV,VE,1,VE
0.28543515357561805,0.37501715567936744,0.33954769074501445,E,L,LE,LV,0,VA
0.21090362881490224,0.5983875121354388,0.19070885904965904,L,L,LE,LE,1,LE
0.12248874074369277,0.8145949352558498,0.0629163240004575,L,L,L,L,1,L
0.2502689144513888,0.5735658949418253,0.1761651906067858,V,L,LE,LE,0,VA
0.25409151477338937,0.4224484300550561,0.3234600551715545,E,L,LE,LV,0,VA
0.28220009564103604,0.5072669198114783,0.21053298454748556,L,L,LE,LE,1,LE
0.2731392743437904,0.36866621093928603,0.3581945147169236,E,L,LE,LV,0,VA
0.25889360250631865,0.49379948588350253,0.2473069116101789,E,L,LE,LE,1,LE
0.284191118549923,0.5219463183200113,0.1938625631300656,E,L,LE,LE,1,LE
0.26992656382049063,0.48766780979943863,0.24240562638007077,E,L,LE,LE,1,LE
0.26750245079265306,0.41471226288865815,0.3177852863186888,V,L,LE,LV,1,LV
0.2787299646850941,0.41917455650610796,0.30209547880879795,L,L,LE,LV,1,LV
0.23431491407105243,0.22403847768087645,0.5416466082480711,V,V,EV,VE,1,VE
0.28083305299027017,0.4307831541871198,0.28838379282261006,V,L,LE,LV,1,LV
0.25904733674599956,0.4616891715199626,0.2792634917340379,L,L,LE,LV,1,LV
0.24440053174945817,0.1543800060911289,0.601219462159413,V,V,V,V,1,V
0.28188256206672346,0.4433614619659858,0.2747559759672906,E,L,LE,LE,1,LE
0.25206380273533924,0.52250982387458,0.22542637339008076,V,L,LE,LE,0,VA
0.2915690764482246,0.34160658067754285,0.36682434287423255,V,V,EV,VL,1,VL
0.2543462068083288,0.5494104392179052,0.1962433539737659,L,L,LE,LE,1,LE
0.2852830773747172,0.23117406373015317,0.4835428588951296,V,V,EV,VE,1,VE
0.2719772075539207,0.3274098665410659,0.40061292590501335,V,V,EV,VL,1,VL
0.2390236030112394,0.141048520779473,0.6199278762092876,V,V,V,V,1,V
0.20176544127735987,0.6925283577486346,0.10570620097400546,L,L,L,L,1,L
0.27537393006155486,0.5200036779621898,0.20462239197625537,V,L,LE,LE,0,VA
0.2642426375193441,0.4360742998629981,0.2996830626176578,L,L,LE,LV,1,LV
0.3185472136320922,0.43093253486186645,0.2505202515060413,E,L,LE,LE,1,LE
0.24546975285592063,0.5730566616015977,0.18147358554248166,L,L,LE,LE,1,LE
0.29824377051415657,0.4213464201831245,0.28040980930271886,E,L,LE,LE,1,LE
0.24182595210128233,0.5452786867787963,0.2128953611199214,V,L,LE,LE,0,VA
0.21469848894040267,0.6094436508848254,0.17585786017477192,V,L,L,L,0,VA
0.20702215523609696,0.7042506449074079,0.08872719985649509,L,L,L,L,1,L
0.2819991788576673,0.4152089700369403,0.3027918511053925,L,L,LE,LV,1,LV
0.25813164242111325,0.45326874904411896,0.2885996085347678,E,L,LE,LV,0,VA
0.2460949596935525,0.5904280808677772,0.16347695943867022,V,L,LE,LE,0,VA
0.25813606239664955,0.3489523588025553,0.3929115788007951,E,V,EV,VL,0,VA
0.2527699565363696,0.2483103028698262,0.4989197405938042,L,V,EV,VE,0,VA
0.21106105547202178,0.6502539811198943,0.13868496340808395,V,L,L,L,0,VA
0.19101005037924185,0.7078598453880965,0.1011301042326616,L,L,L,L,1,L
0.23763035307817082,0.6225400788228517,0.1398295680989775,L,L,L,L,1,L
0.22519784949425034,0.6465265151498495,0.12827563535590022,L,L,L,L,1,L
0.15438066951635943,0.7963169959283768,0.04930233455526362,L,L,L,L,1,L
0.23947815305775433,0.5957957145754471,0.1647261323667986,E,L,LE,LE,1,LE
0.195210585325507,0.6982850004707277,0.10650441420376515,L,L,L,L,1,L
0.2614835599468895,0.42395039631754017,0.3145660437355703,L,L,LE,LV,1,LV
0.28402685885287876,0.4659934781278607,0.24997966301926056,E,L,LE,LE,1,LE
0.2406362254148431,0.5081225329944402,0.2512412415907167,E,L,LE,LV,0,VA
0.2060456380885841,0.12336493519404725,0.6705894267173687,L,V,V,V,0,VA
0.2378144622627259,0.5878251664602818,0.17436037127699228,L,L,LE,LE,1,LE
0.1246243742790985,0.8203651609406121,0.05501046478028946,L,L,L,L,1,L
0.22000827137600887,0.06031007259391823,0.7196816560300728,V,V,V,V,1,V
0.22055954879332554,0.6337387567311494,0.14570169447552514,L,L,L,L,1,L
0.20142121822750975,0.7052893624551078,0.0932894193173824,L,L,L,L,1,L
0.24120135347372565,0.5310352990849591,0.2277633474413153,V,L,LE,LE,0,VA
0.30762859997895103,0.4223463628529349,0.270025037168114,L,L,LE,LE,1,LE
0.19708108653036222,0.6699458210680104,0.13297309240162736,L,L,L,L,1,L
0.27731092525523404,0.48899347700523227,0.23369559773953374,L,L,LE,LE,1,LE
0.25861349251356763,0.47222302536764316,0.2691634821187891,L,L,LE,LV,1,LV
0.2800989067761651,0.43783356080859154,0.28206753241524335,E,L,LE,LV,0,VA
0.2333424522888001,0.2009395849479498,0.5657179627632501,V,V,EV,VE,1,VE
0.24279728255253405,0.4280479611472011,0.32915475630026486,E,L,LE,LV,0,VA
0.28474769361602803,0.45689219481020893,0.25836011157376293,V,L,LE,LE,0,VA
0.1960719179630476,0.6671759221824602,0.13675215985449216,E,L,L,L,0,VA
0.2900884434706645,0.3856490479530821,0.3242625085762534,L,L,LE,LV,1,LV
0.22418760095980136,0.5596282846577868,0.21618411438241195,L,L,LE,LE,1,LE
0.2495705791572301,0.45692160129815457,0.2935078195446154,V,L,LE,LV,1,LV
0.26034796274745253,0.5203914248323874,0.21926061242015996,L,L,LE,LE,1,LE
0.27369243186059605,0.39729740198124314,0.3290101661581607,E,L,LE,LV,0,VA
0.23610352353363911,0.5252012219757429,0.2386952544906179,L,L,LE,LV,1,LV
0.29918388700096826,0.45281625611355764,0.24799985688547407,L,L,LE,LE,1,LE
0.27348610386508976,0.5428720697290379,0.18364182640587232,V,L,LE,LE,0,VA
0.2381780308018774,0.44760827165317424,0.31421369754494827,E,L,LE,LV,0,VA
0.2873945034947139,0.4272308695744227,0.2853746269308634,V,L,LE,LE,0,VA
0.24626130914224845,0.5475366378815513,0.20620205297620023,E,L,LE,LE,1,LE
0.2655596780013311,0.4627250267293514,0.2717152952693175,L,L,LE,LV,1,LV
0.2482366456024654,0.5946730340845555,0.15709032031297915,V,L,LE,LE,0,VA
0.27793429454216245,0.4364620761907609,0.2856036292670767,V,L,LE,LV,1,LV
0.2877530202839926,0.3847937187919504,0.32745326092405697,E,L,LE,LV,0,VA
0.28172862226209716,0.46547491320173817,0.25279646453616467,V,L,LE,LE,0,VA
0.2435689711981108,0.4650644748519286,0.29136655394996064,L,L,LE,LV,1,LV
0.2719379963680062,0.49074837950056555,0.2373136241314282,E,L,LE,LE,1,LE
0.2835267944610402,0.43411379102732517,0.28235941451163465,V,L,LE,LE,0,VA
0.2778260505553163,0.4845678271300145,0.23760612231466927,L,L,LE,LE,1,LE
0.2295108275661613,0.6069927983967148,0.16349637403712391,L,L,L,L,1,L
0.24476006679670367,0.5002488868079766,0.25499104639531966,E,L,LE,LV,0,VA
0.2640919904843636,0.44443934653769734,0.29146866297793905,L,L,LE,LV,1,LV
0.3285620068753094,0.3181299815545095,0.3533080115701811,E,V,EV,VE,1,VE
0.2609874170369504,0.27362471266067667,0.46538787030237294,E,V,EV,VL,0,VA
0.28931366236549383,0.29584606185362333,0.4148402757808829,E,V,EV,VL,0,VA
0.21811153583264706,0.6121616553412529,0.16972680882610008,E,L,L,L,0,VA
0.2692526479801675,0.35299369698827415,0.3777536550315583,L,V,EV,VL,1,VL
0.2371350105676309,0.5980405515399205,0.16482443789244872,E,L,LE,LE,1,LE
0.28588661877689703,0.4308497894080135,0.28326359181508964,L,L,LE,LE,1,LE
0.2516360339887757,0.48992202053781886,0.2584419454734053,V,L,LE,LV,1,LV
0.26327426668054954,0.4557035447103052,0.28102218860914535,L,L,LE,LV,1,LV
0.2566751079620255,0.5374868310185525,0.20583806101942204,V,L,LE,LE,0,VA
0.2846260849122929,0.4747272980412001,0.24064661704650694,L,L,LE,LE,1,LE
0.24930999027819298,0.5129345612728725,0.23775544844893445,V,L,LE,LE,0,VA
0.21345842407558108,0.6257818216879012,0.1607597542365177,L,L,L,L,1,L
0.20143369085711865,0.6692693661123854,0.12929694303049588,E,L,L,L,0,VA
0.2665189119548007,0.3326375991047332,0.4008434889404662,V,V,EV,VL,1,VL
0.2867370374577459,0.3924203911822737,0.3208425713599804,L,L,LE,LV,1,LV
0.23102756214061568,0.550114896644918,0.2188575412144664,L,L,LE,LE,1,LE
0.2912558475200439,0.3753343166140808,0.33340983586587536,E,L,LE,LV,0,VA
0.28609944513352314,0.4539737031134407,0.2599268517530361,L,L,LE,LE,1,LE
0.27436079625307935,0.2747729227222907,0.45086628102462983,V,V,EV,VL,1,VL
0.25886495929508435,0.4125245657156604,0.3286104749892553,L,L,LE,LV,1,LV
0.2509851752946275,0.39877638994238807,0.3502384347629845,V,L,LE,LV,1,LV
0.20758250947862594,0.6265684943611556,0.16584899616021845,L,L,L,L,1,L
0.26781989676371126,0.5864165134994883,0.14576358973680031,V,L,LE,LE,0,VA
0.2153162070491493,0.16505129412106342,0.6196324988297872,V,V,V,V,1,V
0.2548158480504814,0.4557895001542704,0.28939465179524815,L,L,LE,LV,1,LV
0.24044058794466827,0.5682100429229748,0.19134936913235687,L,L,LE,LE,1,LE
0.286842378314559,0.4267156758268849,0.2864419458585561,L,L,LE,LE,1,LE
0.256509534715228,0.4604108322344813,0.28307963305029055,E,L,LE,LV,0,VA
0.27215514091058796,0.5047119240218336,0.22313293506757853,E,L,LE,LE,1,LE
0.16261425859516027,0.7673666774664356,0.07001906393840399,L,L,L,L,1,L
0.24926987802012693,0.4983753247689776,0.2523547972108955,L,L,LE,LV,1,LV
0.21273719758173856,0.6325738369738799,0.15468896544438154,E,L,L,L,0,VA
0.2588850220568527,0.4555257484768119,0.2855892294663354,E,L,LE,LV,0,VA
0.24581916375174193,0.5614482204630116,0.19273261578524642,V,L,LE,LE,0,VA
0.27344849382553066,0.4485389187551169,0.27801258741935236,L,L,LE,LV,1,LV
0.2294909903578003,0.6032910856069146,0.1672179240352851,L,L,L,L,1,L
0.2730159735203006,0.5143965003469562,0.21258752613274323,V,L,LE,LE,0,VA
0.2391538393258765,0.5650482114534359,0.19579794922068766,V,L,LE,LE,0,VA
0.2646413075477853,0.48419990832810444,0.2511587841241103,V,L,LE,LE,0,VA
0.2930337109571672,0.43274696798494977,0.2742193210578831,L,L,LE,LE,1,LE
0.11207549780078177,0.8549870734192033,0.03293742878001495,L,L,L,L,1,L
0.16996652924684486,0.7756611962551525,0.05437227449800253,L,L,L,L,1,L
0.3219546799177652,0.3427117275514776,0.3353335925307571,E,L,LE,LV,0,VA
0.21305052947889874,0.6401534166368664,0.14679605388423486,L,L,L,L,1,L
0.2628678408788043,0.30473972511305386,0.4323924340081418,V,V,EV,VL,1,VL
0.2232269416621149,0.4282366500744094,0.34853640826347565,E,L,LE,LV,0,VA
0.29297014861858817,0.4192310728201471,0.2877987785612648,V,L,LE,LE,0,VA
0.2815342412292364,0.40851174005809426,0.3099540187126693,V,L,LE,LV,1,LV
0.30312093602305545,0.4221227710618806,0.274756292915064,L,L,LE,LE,1,LE
0.28627340009964464,0.4516076071049977,0.2621189927953576,V,L,LE,LE,0,VA
0.26677346233802574,0.46658987920095285,0.2666366584610215,V,L,LE,LE,0,VA
0.27335229267842254,0.39585610491531437,0.33079160240626304,L,L,LE,LV,1,LV
0.30458665201014734,0.39503537742642797,0.30037797056342475,L,L,LE,LE,1,LE
0.270104405722934,0.2838276893401022,0.44606790493696385,V,V,EV,VL,1,VL
0.2896065801464084,0.4682830014392562,0.2421104184143353,E,L,LE,LE,1,LE
0.241489832378405,0.492153109652067,0.26635705796952797,L,L,LE,LV,1,LV
0.1159361272315429,0.8508517220781396,0.03321215069031745,L,L,L,L,1,L
0.09844819290424581,0.8765764028881227,0.024975404207631405,L,L,L,L,1,L
0.295312786323716,0.2755617321466665,0.42912548152961755,V,V,EV,VE,1,VE
0.1419606860222199,0.812800641768283,0.045238672209497045,L,L,L,L,1,L
0.24878413180219405,0.25582762313702884,0.49538824506077705,V,V,EV,VL,1,VL
0.2663887037824332,0.4955989635464447,0.23801233267112198,E,L,LE,LE,1,LE
0.27291568555657564,0.4380022041304805,0.2890821103129439,E,L,LE,LV,0,VA
0.25169847941290324,0.4484057097631761,0.29989581082392064,E,L,LE,LV,0,VA
0.238837157531307,0.5658931094155255,0.1952697330531675,L,L,LE,LE,1,LE
0.30686052579764295,0.4582016375751687,0.23493783662718826,L,L,LE,LE,1,LE
0.25935168114382673,0.5049257622234224,0.2357225566327508,V,L,LE,LE,0,VA
0.26712700698293057,0.38207211891023835,0.35080087410683114,L,L,LE,LV,1,LV
0.19159115054964848,0.7354973450034559,0.07291150444689565,E,L,L,L,0,VA
0.29361257856409895,0.5186254186687869,0.18776200276711416,L,L,LE,LE,1,LE
0.20093067076615545,0.6659198947817555,0.133149434452089,L,L,L,L,1,L
0.2967787478406332,0.5201317429848815,0.18308950917448522,L,L,LE,LE,1,LE
0.29526673271028875,0.4029103774522283,0.30182288983748295,E,L,LE,LV,0,VA
0.25473504493834115,0.5644795174769208,0.18078543758473814,L,L,LE,LE,1,LE
0.2742176088164607,0.3706615662516642,0.3551208249318753,E,L,LE,LV,0,VA
0.2673424639048872,0.2836686843198126,0.44898885177530024,V,V,EV,VL,1,VL
0.2488465246095965,0.5812726006017888,0.16988087478861472,L,L,LE,LE,1,LE
0.2726364819185613,0.4252365283380973,0.30212698974334146,V,L,LE,LV,1,LV
0.26658990800330384,0.48739871596058176,0.24601137603611442,V,L,LE,LE,0,VA
0.23441201310751864,0.5597484014144178,0.20583958547806347,L,L,LE,LE,1,LE
0.23377530398835558,0.38185345019132133,0.38437124582032306,L,V,EV,VL,1,VL
0.29010626933876993,0.39737654735380024,0.31251718330742984,E,L,LE,LV,0,VA
0.1344026262717579,0.79836393029034,0.06723344343790204,L,L,L,L,1,L
0.246396389869429,0.4901736907688421,0.2634299193617289,V,L,LE,LV,1,LV
0.25603760766816047,0.502609177058341,0.24135321527349857,L,L,LE,LE,1,LE
0.24712142967275189,0.48688358463464887,0.26599498569259916,E,L,LE,LV,0,VA
0.2613427191760437,0.3857373123702158,0.35291996845374046,L,L,LE,LV,1,LV
0.2808152888166054,0.4210131336974736,0.2981715774859211,V,L,LE,LV,1,LV
0.2502347285417943,0.1891683224412896,0.5605969490169161,V,V,EV,VE,1,VE
0.2609108937076353,0.41334394831571747,0.32574515797664727,E,L,LE,LV,0,VA
0.24011053955053216,0.2905709482635781,0.46931851218588977,V,V,EV,VL,1,VL
0.23870517375939002,0.6076891968888279,0.15360562935178212,L,L,L,L,1,L
0.2509206224580714,0.4750731929072717,0.274006184634657,L,L,LE,LV,1,LV
0.2433325758481427,0.5753160467921993,0.18135137735965806,V,L,LE,LE,0,VA
0.2871957129269453,0.3907248118178285,0.32207947525522634,L,L,LE,LV,1,LV
0.2556836464288423,0.502932149955033,0.24138420361612462,L,L,LE,LE,1,LE
0.249718069291983,0.5639298198072857,0.18635211090073117,E,L,LE,LE,1,LE
0.25846936308026486,0.6003875496837864,0.14114308723594873,L,L,L,L,1,L
0.21790296521100952,0.4084658601396686,0.3736311746493218,V,L,LE,LV,1,LV
0.28845543696468146,0.3617000740355281,0.3498444889997905,E,L,LE,LV,0,VA
0.29876087006791036,0.22860102795145426,0.47263810198063533,V,V,EV,VE,1,VE
0.27824122967567844,0.5454601099624761,0.17629866036184538,L,L,LE,LE,1,LE
0.24384977248402798,0.581561365132909,0.174588862383063,E,L,LE,LE,1,LE
0.22584128533548165,0.6461105549320711,0.12804815973244724,E,L,L,L,0,VA
0.2554515561922049,0.15299374223686463,0.5915547015709305,E,V,EV,VE,1,VE
0.2442864503956365,0.5946493576381946,0.16106419196616883,V,L,LE,LE,0,VA
0.32866543929181474,0.4506688529450333,0.22066570776315197,V,L,LE,LE,0,VA
0.2802862236839554,0.45298104908608555,0.26673272722995905,L,L,LE,LE,1,LE
0.2387213547333111,0.580116704550214,0.18116194071647482,L,L,LE,LE,1,LE
0.24800706217743534,0.4116179529882097,0.340374984834355,V,L,LE,LV,1,LV
0.28058050453226085,0.4591933787997488,0.26022611666799034,E,L,LE,LE,1,LE
0.15705505674699816,0.7801018686433356,0.06284307460966623,L,L,L,L,1,L
0.28573936216158596,0.5320072712008146,0.18225336663759947,E,L,LE,LE,1,LE
0.1818749971680346,0.632734414630671,0.18539058820129428,V,L,L,L,0,VA
0.17814400618332707,0.7304967863168731,0.09135920749979992,L,L,L,L,1,L
0.25867182733036254,0.39824461790544885,0.3430835547641886,E,L,LE,LV,0,VA
0.2758689278285482,0.46889917272170434,0.2552318994497474,E,L,LE,LE,1,LE
0.27819177703276116,0.36928409394314604,0.3525241290240928,E,L,LE,LV,0,VA
0.20791978800664732,0.6361311680530942,0.1559490439402585,L,L,L,L,1,L
0.2661882295202399,0.5182157412004325,0.21559602927932775,L,L,LE,LE,1,LE
0.14254542711677953,0.7708198763672389,0.08663469651598144,L,L,L,L,1,L
0.1772193564478856,0.7238578909152757,0.09892275263683867,L,L,L,L,1,L
0.23297421125783813,0.6358405170450386,0.13118527169712318,L,L,L,L,1,L
0.2453391086498168,0.5706027918038192,0.18405809954636407,L,L,LE,LE,1,LE
0.26104396566788834,0.30569456602381,0.4332614683083017,E,V,EV,VL,0,VA
0.2578167145370041,0.5091890026709712,0.23299428279202472,E,L,LE,LE,1,LE
0.2396150942018814,0.25066921087065086,0.5097156949274677,V,V,EV,VL,1,VL
0.2704283897893389,0.523527395208619,0.20604421500204204,E,L,LE,LE,1,LE
0.2757442365839795,0.26596568766292583,0.4582900757530946,V,V,EV,VE,1,VE
0.21777368045924098,0.6044646094476726,0.1777617100930864,E,L,L,L,0,VA
0.2545230869710571,0.5316268304476593,0.21385008258128363,L,L,LE,LE,1,LE
0.2818507282716563,0.4362409417885474,0.2819083299397964,E,L,LE,LV,0,VA
0.27120170554923956,0.42972403550516586,0.2990742589455945,V,L,LE,LV,1,LV
0.2666252644864425,0.44050037109536055,0.29287436441819686,V,L,LE,LV,1,LV
0.2853962863438883,0.37980637420881663,0.33479733944729506,L,L,LE,LV,1,LV
0.257781751168065,0.5097524578996414,0.23246579093229358,L,L,LE,LE,1,LE
0.23387803473261612,0.575396199761646,0.19072576550573775,L,L,LE,LE,1,LE
0.26424508971925836,0.40393940565035935,0.3318155046303823,V,L,LE,LV,1,LV
0.22387445294129574,0.6295068879848827,0.1466186590738215,L,L,L,L,1,L
0.3299755571711961,0.37829913315538655,0.29172530967341737,E,L,LE,LE,1,LE
0.21875141244969812,0.09376246171632215,0.6874861258339798,V,V,V,V,1,V
0.2816461138224443,0.4626859920078529,0.2556678941697028,V,L,LE,LE,0,VA
0.27764597688671977,0.3969418420292831,0.32541218108399717,E,L,LE,LV,0,VA
0.2809172929644314,0.4418154987715676,0.277267208264001,E,L,LE,LE,1,LE
0.26803895638476966,0.4451558003019056,0.2868052433133248,E,L,LE,LV,0,VA
0.27801262761442713,0.4107969401884391,0.3111904321971338,E,L,LE,LV,0,VA
0.24205590989720047,0.4913758501126147,0.2665682399901849,L,L,LE,LV,1,LV
0.30365967944375155,0.41882739042839473,0.2775129301278536,V,L,LE,LE,0,VA
0.1639560267952591,0.7449187703330312,0.09112520287170976,L,L,L,L,1,L
0.2542069503488041,0.5035084813120102,0.2422845683391857,V,L,LE,LE,0,VA
0.2788119804485405,0.3683025991444831,0.35288542040697646,L,L,LE,LV,1,LV
0.24578763568393036,0.5445615959273961,0.20965076838867353,L,L,LE,LE,1,LE
0.29742158914540034,0.3654263360164553,0.33715207483814447,V,L,LE,LV,1,LV
0.2771429201224088,0.5127142363062113,0.21014284357137997,L,L,LE,LE,1,LE
0.24199138057276495,0.5024341968749101,0.25557442255232493,L,L,LE,LV,1,LV
0.07504800769367441,0.9075719578370264,0.017380034469299272,L,L,L,L,1,L
0.28454926702350414,0.20980180719315566,0.5056489257833402,E,V,EV,VE,1,VE
0.27244749341810304,0.5057114505454374,0.22184105603645954,L,L,LE,LE,1,LE
0.25219767321504566,0.5256276570495731,0.22217466973538114,L,L,LE,LE,1,LE
0.15867402474188474,0.779733612539678,0.06159236271843718,L,L,L,L,1,L
0.25014339231837324,0.5419143508138865,0.2079422568677403,L,L,LE,LE,1,LE
0.23677915794659907,0.61556954908175,0.14765129297165092,E,L,L,L,0,VA
0.2524693835798365,0.47840398180098376,0.26912663461917974,V,L,LE,LV,1,LV
0.30011432624071666,0.43270194798139094,0.2671837257778924,E,L,LE,LE,1,LE
0.24001491700229774,0.415431281913437,0.3445538010842653,L,L,LE,LV,1,LV
0.2860153896952932,0.4124140337766028,0.301570576528104,E,L,LE,LV,0,VA
0.25828484409809244,0.5768415660958347,0.16487358980607283,L,L,LE,LE,1,LE
0.21240818593453498,0.6235118704408935,0.16407994362457148,L,L,L,L,1,L
0.24391906756240253,0.5802780211801194,0.17580291125747813,L,L,LE,LE,1,LE
0.22152945658556833,0.5862833717197656,0.19218717169466595,V,L,LE,LE,0,VA
0.18023716055400282,0.6917255524840551,0.12803728696194203,L,L,L,L,1,L
0.2833548778046837,0.5195945756675823,0.19705054652773396,L,L,LE,LE,1,LE
0.2600645356344874,0.3284982671886381,0.41143719717687455,L,V,EV,VL,1,VL
0.27912410430057344,0.3342327472688015,0.3866431484306252,V,V,EV,VL,1,VL
0.2886579197361327,0.3718992323430785,0.3394428479207889,E,L,LE,LV,0,VA
0.28308248312519557,0.400205016942407,0.3167124999323973,E,L,LE,LV,0,VA
0.26409796276016034,0.5098409792033399,0.22606105803649967,E,L,LE,LE,1,LE
0.28324539019613515,0.4684933636792467,0.24826124612461806,L,L,LE,LE,1,LE
0.24342982482687076,0.5819482001315907,0.1746219750415386,V,L,LE,LE,0,VA
0.2611765536776951,0.542701864566297,0.19612158175600797,V,L,LE,LE,0,VA
0.25855954517705976,0.4401854409748755,0.30125501384806463,L,L,LE,LV,1,LV
0.27149399762368487,0.2762811841027098,0.4522248182736054,L,V,EV,VL,1,VL
0.25742925463944744,0.4390002483674602,0.3035704969930924,V,L,LE,LV,1,LV
0.27590303182820897,0.4680443504898606,0.25605261768193033,V,L,LE,LE,0,VA
0.1940256180893729,0.7223098668049868,0.08366451510564032,L,L,L,L,1,L
0.28223460292031854,0.3230127726406686,0.3947526244390129,L,V,EV,VL,1,VL
0.2358737977600705,0.5199951144126493,0.24413108782728019,L,L,LE,LV,1,LV
0.2565030989224198,0.4889202783142974,0.25457662276328274,L,L,LE,LE,1,LE
0.23778024214489726,0.5991916414941069,0.1630281163609958,E,L,LE,LE,1,LE
0.283281946965891,0.24499354536264042,0.4717245076714686,V,V,EV,VE,1,VE
0.2546015550356202,0.46521820054683877,0.28018024441754114,V,L,LE,LV,1,LV
0.27992868098587703,0.5453337912762432,0.1747375277378798,E,L,LE,LE,1,LE
0.1338228458589876,0.8208300398381184,0.04534711430289398,L,L,L,L,1,L
0.18770842110852068,0.06449468500453784,0.7477968938869415,V,V,V,V,1,V
0.2701755870956211,0.42126770176758704,0.30855671113679184,L,L,LE,LV,1,LV
0.2707983783784529,0.43417334034992283,0.29502828127162434,E,L,LE,LV,0,VA
0.24146499564734772,0.603823352697564,0.1547116516550882,L,L,L,L,1,L
0.2071004973054336,0.5375252107876881,0.2553742919068783,L,L,LE,LV,1,LV
0.2194176242544343,0.62683670486327,0.1537456708822957,L,L,L,L,1,L
0.19141562362478828,0.13150969735639184,0.6770746790188198,V,V,V,V,1,V
0.25290963345883954,0.39120132880282915,0.3558890377383312,V,L,LE,LV,1,LV
0.21816854394224405,0.5832234939155446,0.1986079621422113,L,L,LE,LE,1,LE
0.30146450045428563,0.42781677428515263,0.2707187252605617,V,L,LE,LE,0,VA
0.22435335708100934,0.6251027069170095,0.15054393600198113,L,L,L,L,1,L
0.25846060926988695,0.3738255705960336,0.36771382013407944,V,L,LE,LV,1,LV
0.30033216034141264,0.4311362137718823,0.2685316258867051,E,L,LE,LE,1,LE
0.23441860827603395,0.512632072797755,0.2529493189262111,L,L,LE,LV,1,LV
0.2403707344978735,0.5804218522296427,0.17920741327248374,L,L,LE,LE,1,LE
0.2718243377093112,0.5466917135079383,0.1814839487827504,L,L,LE,LE,1,LE
0.24848889399560203,0.5264150952556964,0.22509601074870145,V,L,LE,LE,0,VA
0.27389032890872694,0.4604717508547006,0.26563792023657257,L,L,LE,LE,1,LE
0.24990368906530877,0.48308180825631486,0.2670145026783763,L,L,LE,LV,1,LV
0.2686275554637078,0.5839328406528723,0.14743960388341987,L,L,LE,LE,1,LE
0.26571893661380164,0.573298803985405,0.1609822594007934,L,L,LE,LE,1,LE
0.2733564984657342,0.31765794086968474,0.4089855606645811,V,V,EV,VL,1,VL
0.28013181064395,0.41273980728001347,0.3071283820760366,V,L,LE,LV,1,LV
0.2275321064473841,0.48825037673378685,0.2842175168188291,L,L,LE,LV,1,LV
0.2468430669627179,0.5594116895167175,0.19374524352056452,V,L,LE,LE,0,VA
0.21865537167830432,0.5800420102969331,0.2013026180247625,L,L,LE,LE,1,LE
0.27693389889803804,0.31575229935844956,0.40731380174351234,L,V,EV,VL,1,VL
0.26749547147680275,0.5291222294506074,0.20338229907258987,L,L,LE,LE,1,LE
0.2120800253102029,0.676418810544694,0.11150116414510312,L,L,L,L,1,L
0.250483512163897,0.5655844174697281,0.1839320703663749,L,L,LE,LE,1,LE
0.26439656807681666,0.481233847703132,0.25436958422005135,L,L,LE,LE,1,LE
0.2648439218827937,0.3615679242730686,0.37358815384413774,L,V,EV,VL,1,VL
0.22755625600776208,0.5881283379747295,0.1843154060175084,L,L,LE,LE,1,LE
0.28149125895582766,0.40217893716273806,0.3163298038814342,L,L,LE,LV,1,LV
0.31493705841162223,0.37017589509584287,0.31488704649253496,L,L,LE,LE,1,LE
0.18480097696661027,0.7143948641946315,0.10080415883875823,L,L,L,L,1,L
0.2675926038968715,0.32741777337483136,0.4049896227282972,E,V,EV,VL,0,VA
0.2726568358830276,0.4644477618483231,0.26289540226864927,L,L,LE,LE,1,LE
0.2808028035099328,0.4351739712269492,0.2840232252631181,L,L,LE,LV,1,LV
0.26452665217596616,0.34966889339345203,0.3858044544305818,V,V,EV,VL,1,VL
0.2524883652767563,0.585164310998068,0.16234732372517577,V,L,LE,LE,0,VA
0.26690297991236644,0.54297944503452,0.19011757505311366,E,L,LE,LE,1,LE
0.25474539927148976,0.4651193198493268,0.28013528087918355,L,L,LE,LV,1,LV
0.2732658415413931,0.41080339349238126,0.3159307649662256,L,L,LE,LV,1,LV
0.25241533881879885,0.45980601555679596,0.2877786456244053,V,L,LE,LV,1,LV
0.2744851324891725,0.4771230266071734,0.24839184090365407,L,L,LE,LE,1,LE
0.24780462485203333,0.4353828685201937,0.3168125066277729,L,L,LE,LV,1,LV
0.2661732337916283,0.21314922714608914,0.5206775390622825,V,V,EV,VE,1,VE
0.23397903627125197,0.5247786872374565,0.24124227649129162,E,L,LE,LV,0,VA
0.21062317717882528,0.11648290048097727,0.6728939223401975,E,V,V,V,0,VA
0.2611410197934755,0.5303252733670645,0.20853370683946,V,L,LE,LE,0,VA
0.23205819562018742,0.1570495635019228,0.6108922408778898,V,V,V,V,1,V
0.2715667751742423,0.30569714500157397,0.4227360798241836,E,V,EV,VL,0,VA
0.23696584720042407,0.5300030359524681,0.2330311168471078,E,L,LE,LE,1,LE
0.25481189634807117,0.5128390860563005,0.23234901759562848,V,L,LE,LE,0,VA
0.26068302650816216,0.45193950026730906,0.28737747322452883,L,L,LE,LV,1,LV
0.2880706592998988,0.27991653074029355,0.4320128099598077,E,V,EV,VE,1,VE
0.2830107175021636,0.4302252632473251,0.28676401925051137,L,L,LE,LV,1,LV
0.24627080364462914,0.4719157606262159,0.28181343572915507,L,L,LE,LV,1,LV
0.2568579378947796,0.4471891815614896,0.2959528805437307,L,L,LE,LV,1,LV
0.18296398197282412,0.7401406532334367,0.07689536479373928,L,L,L,L,1,L
0.2669275556316867,0.4701180246121989,0.26295441975611444,E,L,LE,LE,1,LE
0.19728028650330395,0.6906536711220814,0.11206604237461455,L,L,L,L,1,L
0.2504055272157881,0.2032043270379498,0.5463901457462621,V,V,EV,VE,1,VE
0.2853778383790731,0.2856569807654917,0.4289651808554353,L,V,EV,VL,1,VL
0.28335737559328406,0.40326612647856797,0.3133764979281481,V,L,LE,LV,1,LV
0.21616329020764688,0.6978369271935284,0.08599978259882468,L,L,L,L,1,L
0.25508490541058,0.413274486898391,0.33164060769102904,V,L,LE,LV,1,LV
0.19840131931768246,0.680304564795894,0.12129411588642341,E,L,L,L,0,VA
0.27333770050469786,0.4211069828902944,0.3055553166050078,E,L,LE,LV,0,VA
0.25940602446902794,0.47368342799461716,0.2669105475363548,V,L,LE,LV,1,LV
0.25412740861072647,0.5163478450044642,0.22952474638480938,L,L,LE,LE,1,LE
0.2922988921651596,0.5110459101707929,0.19665519766404746,V,L,LE,LE,0,VA
0.2576769969545112,0.4820652493911113,0.2602577536543776,L,L,LE,LV,1,LV
0.26833259817731087,0.3777146053655306,0.35395279645715844,V,L,LE,LV,1,LV
0.25057944200199106,0.4549288387490393,0.2944917192489697,L,L,LE,LV,1,LV
0.25035232287348796,0.4924306903069619,0.25721698681955024,L,L,LE,LV,1,LV
0.28880918875687495,0.35700213839409123,0.3541886728490338,V,L,LE,LV,1,LV
0.2835509531618265,0.5137682841146983,0.20268076272347518,V,L,LE,LE,0,VA
0.25297793737911095,0.5122669035742123,0.23475515904667665,E,L,LE,LE,1,LE
0.278583446248088,0.5093845233639394,0.2120320303879726,E,L,LE,LE,1,LE
0.23660494562991727,0.5931255404613643,0.17026951390871842,L,L,LE,LE,1,LE
0.23824510214336705,0.5391835913087786,0.22257130654785443,L,L,LE,LE,1,LE
0.19403346915418573,0.6397874142048914,0.16617911664092294,L,L,L,L,1,L
0.24652870938122523,0.3665536832362009,0.3869176073825739,V,V,EV,VL,1,VL
0.27786281254056094,0.38209860206007534,0.3400385853993637,V,L,LE,LV,1,LV
0.0887407711997773,0.8827297762826732,0.028529452517549427,L,L,L,L,1,L
0.2403653080517559,0.5135200260826249,0.24611466586561914,E,L,LE,LV,0,VA
0.25306876292675284,0.5139995421504394,0.23293169492280782,L,L,LE,LE,1,LE
0.30753184841476655,0.40359094496596215,0.28887720661927135,L,L,LE,LE,1,LE
0.1806753150928397,0.7365362512662473,0.08278843364091296,L,L,L,L,1,L
0.2493293418344897,0.5223550120529382,0.2283156461125721,L,L,LE,LE,1,LE
0.2571251889471131,0.3448057282743167,0.3980690827785703,V,V,EV,VL,1,VL
0.2592350290142957,0.53791467928443,0.20285029170127422,E,L,LE,LE,1,LE
0.2507657498929244,0.41313449852608625,0.3360997515809894,E,L,LE,LV,0,VA
0.24124373490455767,0.6289577729435045,0.1297984921519377,E,L,L,L,0,VA
0.2683986668883191,0.520298759698591,0.21130257341308986,L,L,LE,LE,1,LE
0.2825307575508573,0.5245685575177649,0.19290068493137785,L,L,LE,LE,1,LE
0.3096217813734165,0.35338769320937735,0.33699052541720625,L,L,LE,LV,1,LV
0.2724153076049697,0.5701911352913243,0.157393557103706,E,L,LE,LE,1,LE
0.2745095614115615,0.4932676165843763,0.23222282200406227,E,L,LE,LE,1,LE
0.21834842920151754,0.6384951351947411,0.14315643560374128,V,L,L,L,0,VA
0.09144525252602632,0.8806463049863636,0.027908442487610083,L,L,L,L,1,L
0.24566224826131947,0.6211251333018882,0.13321261843679227,E,L,L,L,0,VA
0.2867536456293704,0.40914536482703046,0.30410098954359915,L,L,LE,LV,1,LV
0.1783639017679338,0.6976337846508399,0.12400231358122636,E,L,L,L,0,VA
0.32654874275776635,0.33888808199974507,0.3345631752424885,V,L,LE,LV,1,LV
0.19943114952415555,0.6776925538463722,0.12287629662947241,L,L,L,L,1,L
0.1383347897211216,0.8212025313725352,0.04046267890634333,E,L,L,L,0,VA
0.2567197629719625,0.5800566517863932,0.16322358524164446,V,L,LE,LE,0,VA
0.17465582646124084,0.7478852069150826,0.07745896662367652,L,L,L,L,1,L
0.26321691888055915,0.5133938018859854,0.22338927923345536,V,L,LE,LE,0,VA
0.22935853523807312,0.5735650465285801,0.19707641823334685,L,L,LE,LE,1,LE
0.22560476703182167,0.08503848260736989,0.6893567503608083,V,V,V,V,1,V
0.298313343612043,0.37906159965292024,0.3226250567350368,V,L,LE,LV,1,LV
0.2887129550284111,0.3528237002878467,0.35846334468374225,V,V,EV,VL,1,VL
0.18521996316835923,0.09465164822089867,0.7201283886107421,V,V,V,V,1,V
0.1141033526303008,0.8529574804785223,0.03293916689117692,L,L,L,L,1,L
0.2814387713752946,0.3471989592413231,0.37136226938338224,L,V,EV,VL,1,VL
0.26531470447853384,0.5121368381000376,0.22254845742142845,L,L,LE,LE,1,LE
0.2633348670211621,0.41229284088631024,0.3243722920925277,L,L,LE,LV,1,LV
0.2623074858377615,0.4333212050813042,0.3043713090809343,V,L,LE,LV,1,LV
0.2727150732253185,0.26330992037498524,0.4639750063996962,V,V,EV,VE,1,VE
0.2688795173539225,0.3820467313047962,0.34907375134128127,V,L,LE,LV,1,LV
0.2864280316861054,0.44530689016347014,0.26826507815042455,L,L,LE,LE,1,LE
0.26575141562363136,0.5268165405007941,0.20743204387557454,E,L,LE,LE,1,LE
0.27520133243440875,0.5567486109612659,0.1680500566043253,E,L,LE,LE,1,LE
0.26762340575221527,0.24043006387116733,0.49194653037661745,V,V,EV,VE,1,VE
0.2550083002670637,0.4294671995486561,0.31552450018428,V,L,LE,LV,1,LV
0.2703965491152102,0.5065293629288175,0.2230740879559722,V,L,LE,LE,0,VA
0.27837422391328825,0.45579171494063847,0.26583406114607333,L,L,LE,LE,1,LE
0.27407531507546773,0.4860501690303502,0.23987451589418207,L,L,LE,LE,1,LE
0.2719519679552912,0.452728873467831,0.27531915857687794,L,L,LE,LV,1,LV
0.2856947913251572,0.3812457148180121,0.33305949385683076,L,L,LE,LV,1,LV
0.27381431232299797,0.4241581662872703,0.30202752138973177,E,L,LE,LV,0,VA
0.2973772335351725,0.3885267794435593,0.3140959870212683,E,L,LE,LV,0,VA
0.23404045106413607,0.6064073517784997,0.1595521971573643,L,L,L,L,1,L
0.23794414647046,0.6223816695367462,0.13967418399279374,V,L,L,L,0,VA
0.24252435676274262,0.43247625271264634,0.32499939052461113,L,L,LE,LV,1,LV
0.2385332573124427,0.6052931611143093,0.15617358157324793,L,L,L,L,1,L
0.22420655646636645,0.26099548380198595,0.5147979597316475,E,V,EV,VL,0,VA
0.25390050156486493,0.3526366623729838,0.3934628360621512,E,V,EV,VL,0,VA
0.29401584067309017,0.4769551408084206,0.22902901851848928,V,L,LE,LE,0,VA
0.2744134593796631,0.4073924985055121,0.31819404211482477,L,L,LE,LV,1,LV
0.16102375324728727,0.7752144097711091,0.06376183698160355,L,L,L,L,1,L
0.27661417169663605,0.4678436665262159,0.25554216177714806,L,L,LE,LE,1,LE
0.25970901057307666,0.555724791669727,0.1845661977571964,V,L,LE,LE,0,VA
0.27739885770001393,0.28105392288534825,0.44154721941463787,V,V,EV,VL,1,VL
0.26690582621226616,0.472415849384491,0.26067832440324284,L,L,LE,LE,1,LE
0.21387628989496893,0.6731304296728671,0.11299328043216407,L,L,L,L,1,L
0.30372559287168477,0.32628449171969637,0.369989915408619,E,V,EV,VL,0,VA
0.2738731365415304,0.5177975478013395,0.2083293156571301,E,L,LE,LE,1,LE
0.30041034120782206,0.40046595463435924,0.2991237041578188,E,L,LE,LE,1,LE
0.2869342967268518,0.46872201801090196,0.24434368526224629,L,L,LE,LE,1,LE
0.26739311690795026,0.4467234770824444,0.2858834060096054,L,L,LE,LV,1,LV
0.25351852950798615,0.3734636973223442,0.37301777316966966,V,L,LE,LV,1,LV
0.18386356635813705,0.6808095207488719,0.135326912892991,E,L,L,L,0,VA
0.23765112439601577,0.5606142245606336,0.20173465104335064,L,L,LE,LE,1,LE
0.21397229025561865,0.15204322790426222,0.6339844818401191,E,V,V,V,0,VA
0.20512843413576165,0.6460203554677852,0.1488512103964532,V,L,L,L,0,VA
0.275347667122401,0.34624386107999555,0.37840847179760356,L,V,EV,VL,1,VL
0.24534237159323638,0.589923314858031,0.16473431354873266,L,L,LE,LE,1,LE
0.20231935854914435,0.6744981477695016,0.12318249368135405,L,L,L,L,1,L
0.29004149041376,0.34510368166468647,0.3648548279215536,V,V,EV,VL,1,VL
0.24715440000512887,0.19075053893238422,0.562095061062487,E,V,EV,VE,1,VE
0.14512001934615787,0.7988208938023835,0.05605908685145869,L,L,L,L,1,L
0.2866586711499252,0.43158063894281884,0.2817606899072559,V,L,LE,LE,0,VA
0.2311113715352612,0.127493553935048,0.6413950745296908,L,V,V,V,0,VA
0.22903748129694138,0.5796836805490245,0.19127883815403404,E,L,LE,LE,1,LE
0.23274197825408002,0.13577510349536362,0.6314829182505564,V,V,V,V,1,V
0.2919207719864635,0.47399109589176375,0.2340881321217727,E,L,LE,LE,1,LE
0.270114762923419,0.43176119348783837,0.2981240435887426,L,L,LE,LV,1,LV
0.20147426169378352,0.6197128796586326,0.1788128586475838,L,L,L,L,1,L
0.28218201306862856,0.47178365146521956,0.24603433546615192,V,L,LE,LE,0,VA
0.28315490060151144,0.420085761760647,0.2967593376378416,L,L,LE,LV,1,LV
0.23035340432054788,0.5594214931391047,0.2102251025403474,E,L,LE,LE,1,LE
0.24083772952992769,0.12833624617181139,0.6308260242982608,E,V,V,V,0,VA
0.12594200439382738,0.8336267060890529,0.04043128951711962,L,L,L,L,1,L
0.2684188611888166,0.46571527900414966,0.26586585980703387,L,L,LE,LE,1,LE
0.2964343204230867,0.5234902216714099,0.18007545790550342,L,L,LE,LE,1,LE
0.307192702894277,0.18398695762951361,0.5088203394762094,L,V,EV,VE,0,VA
0.2556262620272988,0.49153523643623237,0.2528385015364688,E,L,LE,LE,1,LE
0.24977663533763508,0.37319565086105283,0.37702771380131217,E,V,EV,VL,0,VA
0.22373148014751662,0.6596399803414109,0.11662853951107241,V,L,L,L,0,VA
0.27608998738790697,0.46381927906324993,0.2600907335488431,L,L,LE,LE,1,LE
0.2573757435135593,0.2604131139057096,0.4822111425807311,V,V,EV,VL,1,VL
0.2933474462883912,0.448153907135217,0.2584986465763919,L,L,LE,LE,1,LE
0.17316024944528566,0.7654066661863416,0.061433084368372734,L,L,L,L,1,L
0.28561205882643287,0.4287198668724242,0.2856680743011428,V,L,LE,LV,1,LV
0.28136188036946297,0.5234634523440076,0.19517466728652946,L,L,LE,LE,1,LE
0.23022738826439154,0.6114482722296364,0.15832433950597202,E,L,L,L,0,VA
0.27578443573028544,0.4229413158625464,0.3012742484071682,V,L,LE,LV,1,LV
0.30092414779884713,0.33246960281987303,0.3666062493812799,E,V,EV,VL,0,VA
0.28232285288902387,0.4485269865191745,0.26915016059180163,L,L,LE,LE,1,LE
0.24407523890758123,0.5477363277847401,0.2081884333076786,L,L,LE,LE,1,LE
0.13237047126456017,0.8207568312962346,0.046872697439205434,L,L,L,L,1,L
0.2656337963521342,0.4555977710160274,0.2787684326318383,V,L,LE,LV,1,LV
0.2835691299477944,0.33213766468418376,0.384293205368022,L,V,EV,VL,1,VL
0.1534816425852229,0.784377321626558,0.062141035788219126,L,L,L,L,1,L
0.2355095323611672,0.1500812458692471,0.6144092217695856,V,V,V,V,1,V
0.2660228846078395,0.2704994682192984,0.4634776471728621,E,V,EV,VL,0,VA
0.27181120007858467,0.5462182094713994,0.18197059045001582,L,L,LE,LE,1,LE
0.2388483352165394,0.5202250927889633,0.24092657199449727,L,L,LE,LV,1,LV
0.28188574676889383,0.29394897692363786,0.42416527630746836,V,V,EV,VL,1,VL
0.2386894008060029,0.21964790034759613,0.5416626988464011,V,V,EV,VE,1,VE
0.23229031658174426,0.5969237705099051,0.17078591290835057,V,L,LE,LE,0,VA
0.25323254895441055,0.5185923766674546,0.22817507437813483,L,L,LE,LE,1,LE
0.20268723554087203,0.6805886880620796,0.11672407639704846,L,L,L,L,1,L
0.1829310696794972,0.7154054881659094,0.10166344215459333,L,L,L,L,1,L
0.29288245928056306,0.5269771814168029,0.18014035930263406,L,L,LE,LE,1,LE
0.2854625860086402,0.5833997400184373,0.13113767397292245,L,L,LE,LE,1,LE
0.2705233890596887,0.3609303037439504,0.36854630719636094,V,V,EV,VL,1,VL
0.21952887940255203,0.633819073086822,0.14665204751062608,L,L,L,L,1,L
0.242327153171429,0.43613786560666823,0.3215349812219027,V,L,LE,LV,1,LV
0.2848693209078572,0.19873663678638995,0.5163940423057527,L,V,EV,VE,0,VA
0.3086949688927256,0.3356993875838933,0.3556056435233812,V,V,EV,VL,1,VL
0.3488401044114746,0.3104829528960331,0.34067694269249227,V,E,E,VE,1,VE
0.28912278342718295,0.4233029227553196,0.2875742938174974,V,L,LE,LE,0,VA
0.2634316694649922,0.18769729281327746,0.5488710377217304,V,V,EV,VE,1,VE
0.29543606276786494,0.2894008456240965,0.4151630916080385,V,V,EV,VE,1,VE
0.25232419417874374,0.5318517518783767,0.21582405394287957,E,L,LE,LE,1,LE
0.08271203663377254,0.8940749240223915,0.023213039343836016,L,L,L,L,1,L
0.27005395024506945,0.5244062590705902,0.2055397906843403,E,L,LE,LE,1,LE
0.22188817245082237,0.6060213140671368,0.1720905134820408,E,L,L,L,0,VA
0.1740125146470613,0.7078823479687858,0.11810513738415294,E,L,L,L,0,VA
0.15549525595264846,0.7191494709474299,0.12535527309992173,L,L,L,L,1,L
0.12710599642712755,0.8438905712988568,0.029003432274015587,L,L,L,L,1,L
0.29992016091230495,0.3411115981646009,0.35896824092309415,V,V,EV,VL,1,VL
0.19219042762409083,0.7244542811765841,0.08335529119932523,L,L,L,L,1,L
0.25950483025712445,0.4474215891992813,0.2930735805435941,L,L,LE,LV,1,LV
0.24227186447083482,0.12467698073605377,0.6330511547931114,V,V,V,V,1,V
0.25347555663855453,0.4809208627667707,0.2656035805946748,L,L,LE,LV,1,LV
0.2654563460845878,0.18349593491743801,0.5510477189979742,L,V,EV,VE,0,VA
0.252226842686711,0.4655280497840381,0.2822451075292508,L,L,LE,LV,1,LV
0.22157818954757183,0.6090400599628321,0.16938175048959606,L,L,L,L,1,L
0.21373199207005258,0.10578024217921228,0.6804877657507352,E,V,V,V,0,VA
0.2675303198613247,0.550408332334542,0.18206134780413327,V,L,LE,LE,0,VA
0.32091539710901446,0.41117753619255837,0.2679070666984272,L,L,LE,LE,1,LE
0.25652810941601,0.49244755950606545,0.2510243310779245,V,L,LE,LE,0,VA
0.23526784969235418,0.1679582192420782,0.5967739310655675,V,V,EV,VE,1,VE
0.25428174090204453,0.5481290035303332,0.19758925556762238,L,L,LE,LE,1,LE
0.23797874185419485,0.5579359793770057,0.20408527876879942,L,L,LE,LE,1,LE
0.31059429305925085,0.4409297048637993,0.24847600207694978,V,L,LE,LE,0,VA
0.2770787167624114,0.4598831468863581,0.26303813635123047,L,L,LE,LE,1,LE
0.24897524537073354,0.4139415490809164,0.33708320554835,L,L,LE,LV,1,LV
0.28433192659146894,0.4080118013660823,0.3076562720424488,L,L,LE,LV,1,LV
0.27214053357465656,0.375434629763301,0.35242483666204244,E,L,LE,LV,0,VA
0.19783015779271837,0.13867147731439602,0.6634983648928856,V,V,V,V,1,V
0.2676637578051391,0.5055206259635667,0.22681561623129412,E,L,LE,LE,1,LE
0.2138983709032755,0.6180686008707217,0.16803302822600283,L,L,L,L,1,L
0.278861218618254,0.45951516514818364,0.2616236162335624,E,L,LE,LE,1,LE
0.26492806137359526,0.3145436387625094,0.4205282998638954,V,V,EV,VL,1,VL
0.2254343400770825,0.5934990852899306,0.18106657463298678,L,L,LE,LE,1,LE
0.2668324555037032,0.4691172220350259,0.26405032246127086,V,L,LE,LE,0,VA
0.25298858845371475,0.533860628219575,0.21315078332671022,V,L,LE,LE,0,VA
0.2500495955934519,0.5903979909365066,0.15955241347004148,V,L,LE,LE,0,VA
0.26945709990247924,0.40185525767963637,0.32868764241788434,V,L,LE,LV,1,LV
0.2613454259382567,0.4462196015473132,0.29243497251442996,L,L,LE,LV,1,LV
0.24696622064184023,0.4619898644205765,0.2910439149375834,L,L,LE,LV,1,LV
0.26045735270005294,0.4201919757945398,0.31935067150540725,L,L,LE,LV,1,LV
0.25279014620339607,0.188362662893736,0.5588471909028679,V,V,EV,VE,1,VE
0.2701885664981499,0.5750156093042629,0.15479582419758725,L,L,LE,LE,1,LE
0.24359472289452183,0.602913283602768,0.15349199350271028,V,L,L,L,0,VA
0.14182998843185313,0.7606387757964491,0.09753123577169778,L,L,L,L,1,L
0.26194476261388233,0.5160405019469871,0.22201473543913053,L,L,LE,LE,1,LE
0.26345188892074345,0.41985885739142126,0.3166892536878352,L,L,LE,LV,1,LV
0.2719830434828474,0.4846797207753253,0.2433372357418273,E,L,LE,LE,1,LE
0.274440991247166,0.23134563360087543,0.4942133751519586,E,V,EV,VE,1,VE
0.2615063519706274,0.503757593582644,0.2347360544467285,L,L,LE,LE,1,LE
0.27324472862686294,0.3659371159880275,0.3608181553851097,L,L,LE,LV,1,LV
0.3106612365973469,0.4763183724240549,0.21302039097859826,L,L,LE,LE,1,LE
0.27760521722876424,0.45341273395762116,0.2689820488136146,L,L,LE,LE,1,LE
0.17976766558959012,0.736232662695627,0.08399967171478284,L,L,L,L,1,L
0.24343138596393923,0.4907980066256665,0.26577060741039427,E,L,LE,LV,0,VA
0.20458383538031868,0.07353464717743591,0.7218815174422454,V,V,V,V,1,V
0.2534924330436255,0.5108270802187684,0.23568048673760605,L,L,LE,LE,1,LE
0.2811783018908168,0.5115988880618729,0.2072228100473102,L,L,LE,LE,1,LE
0.272668486161866,0.5032862311701106,0.2240452826680235,L,L,LE,LE,1,LE
0.2725771382696916,0.5066185744537125,0.22080428727659596,E,L,LE,LE,1,LE
0.13623098146000026,0.819564475676747,0.044204542863252864,L,L,L,L,1,L
0.2310632064391124,0.5953131822868293,0.17362361127405826,L,L,LE,LE,1,LE
0.22682096068310365,0.48701049112361594,0.28616854819328036,V,L,LE,LV,1,LV
0.30264577872733367,0.37242637327902384,0.3249278479936425,L,L,LE,LV,1,LV
0.2509055303146312,0.20076480143619185,0.548329668249177,V,V,EV,VE,1,VE
0.25385921397502803,0.5470832078667185,0.19905757815825348,L,L,LE,LE,1,LE
0.2485017576888003,0.4639715553676725,0.2875266869435272,L,L,LE,LV,1,LV
0.26009034152554544,0.5394824230832281,0.2004272353912264,E,L,LE,LE,1,LE
0.2289443428751857,0.5938151963208278,0.17724046080398653,L,L,LE,LE,1,LE
0.29508240657440726,0.49307264513914184,0.21184494828645087,L,L,LE,LE,1,LE
0.289552018185694,0.41404300606164446,0.29640497575266167,V,L,LE,LV,1,LV
0.2244202699080513,0.6220149390636363,0.15356479102831258,L,L,L,L,1,L
0.21861255297030316,0.6151247446375557,0.16626270239214105,L,L,L,L,1,L
0.1803736072311955,0.7408208168993277,0.07880557586947684,E,L,L,L,0,VA
0.24453692145681893,0.5498025831342462,0.20566049540893477,V,L,LE,LE,0,VA
0.25180204132087475,0.44360677013602867,0.3045911885430965,E,L,LE,LV,0,VA
0.32067908290634084,0.3168471366271177,0.3624737804665415,V,V,EV,VE,1,VE
0.28728801591835923,0.5125822435651652,0.20012974051647542,L,L,LE,LE,1,LE
0.2930371206043204,0.46614272009068436,0.24082015930499526,L,L,LE,LE,1,LE
0.2595903566980103,0.5305384551868736,0.20987118811511607,L,L,LE,LE,1,LE
0.24945786814383314,0.2634394196427897,0.4871027122133771,V,V,EV,VL,1,VL
0.27135645419322496,0.3357491105104145,0.3928944352963606,V,V,EV,VL,1,VL
0.27518701471278756,0.46438013790701793,0.2604328473801945,L,L,LE,LE,1,LE
0.2404276630255132,0.5419269307707086,0.21764540620377812,L,L,LE,LE,1,LE
0.26713677402543,0.5132915995521655,0.2195716264224044,L,L,LE,LE,1,LE
0.2792349674630965,0.4631139486736578,0.2576510838632456,E,L,LE,LE,1,LE
0.30734128184528714,0.42752852714504114,0.26513019100967183,V,L,LE,LE,0,VA
0.2571898578696095,0.454125244557445,0.2886848975729455,L,L,LE,LV,1,LV
0.24256070256015758,0.23030366259696802,0.5271356348428744,V,V,EV,VE,1,VE
0.3060275353502922,0.37068320488628625,0.3232892597634215,L,L,LE,LV,1,LV
0.26515188706304116,0.2592525543505701,0.47559555858638874,E,V,EV,VE,1,VE
0.23764812268713553,0.5678040006649174,0.19454787664794698,L,L,LE,LE,1,LE
0.24106789361856265,0.5873919009170357,0.1715402054644016,L,L,LE,LE,1,LE
0.22998577167768455,0.14829092533710678,0.6217233029852087,L,V,V,V,0,VA
0.2788857274679173,0.3784288523635788,0.3426854201685038,V,L,LE,LV,1,LV
0.27393132384338237,0.44335643628327254,0.2827122398733451,V,L,LE,LV,1,LV
0.17545232399666827,0.7382951442520393,0.08625253175129244,L,L,L,L,1,L
0.2986305805249337,0.3084179600200095,0.39295145945505683,V,V,EV,VL,1,VL
0.25550920313811215,0.21335968424902707,0.5311311126128608,V,V,EV,VE,1,VE
0.17269148815147098,0.7650595719578733,0.06224893989065559,E,L,L,L,0,VA
0.2557171476356413,0.5305226528331344,0.21376019953122424,V,L,LE,LE,0,VA
0.2290656433292589,0.634967149132026,0.13596720753871502,V,L,L,L,0,VA
0.2886026390677661,0.29051153216780135,0.4208858287644326,L,V,EV,VL,1,VL
0.20064994414575685,0.6851682009271309,0.11418185492711215,L,L,L,L,1,L
0.2419651975853196,0.5454072609720682,0.21262754144261234,L,L,LE,LE,1,LE
0.2567895278937364,0.3575566358660643,0.3856538362401992,V,V,EV,VL,1,VL
0.157895807753433,0.7660855672931827,0.07601862495338432,L,L,L,L,1,L
0.2650400291626958,0.5503412106148513,0.18461876022245288,L,L,LE,LE,1,LE
0.26490326383499635,0.49813890540766564,0.23695783075733787,V,L,LE,LE,0,VA
0.2752453796521411,0.38617785542941496,0.3385767649184439,L,L,LE,LV,1,LV
0.2747138407816832,0.5413404189910409,0.18394574022727586,L,L,LE,LE,1,LE
0.27972662044625335,0.4366066972110477,0.283666682342699,L,L,LE,LV,1,LV
0.11040741164096729,0.8471803220720009,0.0424122662870317,L,L,L,L,1,L
0.2596198384616295,0.5445800666803036,0.19580009485806693,L,L,LE,LE,1,LE
0.26976974688322297,0.4137012662600169,0.31652898685676,E,L,LE,LV,0,VA
0.25418767184544044,0.3654330900963777,0.3803792380581818,V,V,EV,VL,1,VL
0.2646444446233977,0.44074069247962416,0.2946148628969781,L,L,LE,LV,1,LV
0.24221299737570734,0.46975220811045787,0.2880347945138348,L,L,LE,LV,1,LV
0.2585110515383235,0.22950600231702747,0.511982946144649,L,V,EV,VE,0,VA
0.2236736459193614,0.6703043243052107,0.10602202977542798,L,L,L,L,1,L
0.277596588872641,0.29957605852086533,0.4228273526064937,L,V,EV,VL,1,VL
0.2782747418888911,0.5374892770506253,0.18423598106048367,L,L,LE,LE,1,LE
0.32853432567487545,0.2992509557986899,0.37221471852643473,V,V,EV,VE,1,VE
0.28991065373781416,0.4289946158784675,0.2810947303837183,V,L,LE,LE,0,VA
0.23971882519731635,0.5724478398368278,0.18783333496585583,L,L,LE,LE,1,LE
0.26564091969069864,0.5230319923137606,0.21132708799554073,L,L,LE,LE,1,LE
0.2325607514766236,0.6386659138001687,0.12877333472320776,L,L,L,L,1,L
0.2886716059687727,0.4813132189600294,0.2300151750711979,L,L,LE,LE,1,LE
0.2588100644600626,0.46535055772513834,0.275839377814799,L,L,LE,LV,1,LV
0.22215248034396207,0.6559018170776112,0.12194570257842668,L,L,L,L,1,L
0.21392438599620656,0.6576277343576343,0.12844787964615909,E,L,L,L,0,VA
0.21255038619842084,0.6126029578994482,0.1748466559021309,L,L,L,L,1,L
0.15745826294138285,0.765706647822949,0.07683508923566831,L,L,L,L,1,L
0.2574354109428673,0.5298036416609713,0.21276094739616142,L,L,LE,LE,1,LE
0.24993310885858108,0.5935369155726847,0.15652997556873421,L,L,LE,LE,1,LE
0.18647816766472972,0.7186449663689046,0.09487686596636576,L,L,L,L,1,L
0.1516835838005062,0.7375913510881291,0.11072506511136475,L,L,L,L,1,L
0.23456186727507525,0.5798726752651149,0.1855654574598099,E,L,LE,LE,1,LE
0.2766394640280325,0.5100394713377349,0.21332106463423267,L,L,LE,LE,1,LE
0.24444941001765755,0.5632963767157567,0.19225421326658587,L,L,LE,LE,1,LE
0.27608581834189816,0.43708975653158,0.28682442512652184,V,L,LE,LV,1,LV
0.23929602103224779,0.5054864135728374,0.2552175653949148,E,L,LE,LV,0,VA
0.2578919709461277,0.280480398646077,0.4616276304077954,E,V,EV,VL,0,VA
0.24354309336383304,0.5125492677876982,0.2439076388484689,E,L,LE,LV,0,VA
0.23349967427282559,0.5681799685428653,0.19832035718430896,L,L,LE,LE,1,LE
0.2574254127195258,0.360067543235809,0.3825070440446653,L,V,EV,VL,1,VL
0.15569529042872118,0.7733780807698989,0.07092662880137997,L,L,L,L,1,L
0.21779766332831763,0.5444768011342025,0.2377255355374799,L,L,LE,LV,1,LV
0.25060820104774384,0.5082515833407046,0.2411402156115514,L,L,LE,LE,1,LE
0.17282145642777053,0.7331437685731834,0.09403477499904594,L,L,L,L,1,L
0.27033759963682424,0.3856869727525228,0.34397542761065303,V,L,LE,LV,1,LV
0.13190368009429915,0.7846384402996648,0.08345787960603607,L,L,L,L,1,L
0.28624380945159167,0.4479250560826355,0.26583113446577283,E,L,LE,LE,1,LE
0.21148025816999105,0.6008136036468774,0.1877061381831315,V,L,L,L,0,VA
0.1866225086992949,0.6574534291023147,0.1559240621983904,L,L,L,L,1,L
0.2607600438997381,0.49034425692878775,0.2488956991714741,E,L,LE,LE,1,LE
0.2737733556827708,0.2508567306919631,0.475369913625266,E,V,EV,VE,1,VE
0.2597790069505822,0.3518824483202298,0.388338544729188,V,V,EV,VL,1,VL
0.2541966046229551,0.5457139546960982,0.20008944068094672,V,L,LE,LE,0,VA
0.2954068410376729,0.4432258958610069,0.26136726310132014,E,L,LE,LE,1,LE
0.2672479237749045,0.47369509922017955,0.25905697700491587,E,L,LE,LE,1,LE
0.2797605977070649,0.5216100590042639,0.1986293432886712,E,L,LE,LE,1,LE
0.1312054917336002,0.8232720396072258,0.04552246865917408,L,L,L,L,1,L
0.2908697934598905,0.45302469499263215,0.2561055115474773,E,L,LE,LE,1,LE
0.23726890144946955,0.5481926360351643,0.21453846251536626,E,L,LE,LE,1,LE
0.2851350675748427,0.25159391673289827,0.46327101569225904,L,V,EV,VE,0,VA
0.28159611666286244,0.3689977119182383,0.34940617141889924,L,L,LE,LV,1,LV
0.11116377378749252,0.8413802031741187,0.0474560230383888,E,L,L,L,0,VA
0.27495646661198003,0.3933900514977361,0.3316534818902839,L,L,LE,LV,1,LV
0.3232661616531715,0.30600784836661,0.3707259899802186,E,V,EV,VE,1,VE
0.28252029250548655,0.3144105586399072,0.4030691488546063,E,V,EV,VL,0,VA
0.30470580753556636,0.28371946514710966,0.4115747273173239,V,V,EV,VE,1,VE
0.28920564777979163,0.4817824529624046,0.22901189925780366,E,L,LE,LE,1,LE
0.28148496851912824,0.5067374868212526,0.21177754465961912,L,L,LE,LE,1,LE
0.2882429484305103,0.4955193429447389,0.21623770862475084,L,L,LE,LE,1,LE
0.26453705132636457,0.4832137908136315,0.2522491578600039,L,L,LE,LE,1,LE
0.2645085540965984,0.5241838638542715,0.2113075820491301,L,L,LE,LE,1,LE
0.17043953941150103,0.7475156278421459,0.08204483274635307,V,L,L,L,0,VA
0.2347203072659951,0.6256356516474523,0.1396440410865527,E,L,L,L,0,VA
0.27284783254216083,0.5426055582813296,0.18454660917650956,V,L,LE,LE,0,VA
0.26965074019065516,0.5163618744616306,0.2139873853477142,E,L,LE,LE,1,LE
0.2593735595793566,0.4847774211570169,0.2558490192636266,E,L,LE,LE,1,LE
0.25643110078947684,0.3108995342266603,0.43266936498386277,E,V,EV,VL,0,VA
0.26482407145470205,0.4891930206845576,0.2459829078607404,E,L,LE,LE,1,LE
0.2626996000755727,0.43395661614963765,0.30334378377478965,E,L,LE,LV,0,VA
0.2315122186165734,0.17998077139396412,0.5885070099894625,V,V,EV,VE,1,VE
0.13244520996316905,0.8174503497892737,0.050104440247557266,L,L,L,L,1,L
0.2614692740849514,0.46238022933848055,0.276150496576568,V,L,LE,LV,1,LV
0.27130188087588253,0.34100231899473155,0.387695800129386,V,V,EV,VL,1,VL
0.27227782407477147,0.47270981119347427,0.2550123647317542,L,L,LE,LE,1,LE
0.20408517777588403,0.7113260300479505,0.08458879217616555,L,L,L,L,1,L
0.2618671716809504,0.22161799983576827,0.5165148284832813,V,V,EV,VE,1,VE
0.25242203134995816,0.48123573418847015,0.26634223446157157,V,L,LE,LV,1,LV
0.1917124888384256,0.6262540957265124,0.18203341543506196,V,L,L,L,0,VA
0.2784114215441494,0.4659866130321496,0.25560196542370095,V,L,LE,LE,0,VA
0.10627708646753274,0.8637306928863857,0.029992220646081556,L,L,L,L,1,L
0.19205184649279358,0.0902100496446963,0.71773810386251,V,V,V,V,1,V
0.2459665809663602,0.5188038613344577,0.23522955769918222,L,L,LE,LE,1,LE
0.2792418931857202,0.42036782200914075,0.30039028480513896,E,L,LE,LV,0,VA
0.27635241970762237,0.5111069859524411,0.2125405943399366,L,L,LE,LE,1,LE
0.2297548241468164,0.5796659615697511,0.19057921428343255,L,L,LE,LE,1,LE
0.27444740670610246,0.4524758220001456,0.2730767712937519,L,L,LE,LE,1,LE
0.23822218766482103,0.597895380585392,0.1638824317497869,L,L,LE,LE,1,LE
0.30739410142328183,0.39687996087515687,0.2957259377015613,E,L,LE,LE,1,LE
0.12415011258758847,0.8433289139004307,0.03252097351198085,L,L,L,L,1,L
0.23240547485428162,0.5700502462034679,0.19754427894225046,L,L,LE,LE,1,LE
0.24220078253291907,0.6082559438464126,0.14954327362066838,E,L,L,L,0,VA
0.2624085030704933,0.5252203883046259,0.21237110862488082,L,L,LE,LE,1,LE
0.19917289539667188,0.7072605612149236,0.09356654338840448,L,L,L,L,1,L
0.2636606032278642,0.44742512420406944,0.2889142725680663,E,L,LE,LV,0,VA
0.2780130902331967,0.4888212889810155,0.2331656207857878,E,L,LE,LE,1,LE
0.25305602437909774,0.4899160567565048,0.25702791886439746,V,L,LE,LV,1,LV
0.25787610522343035,0.43415899446795553,0.307964900308614,L,L,LE,LV,1,LV
0.30357627866399184,0.4376973120110844,0.25872640932492375,E,L,LE,LE,1,LE
0.23237497099484278,0.1474614855286549,0.6201635434765024,V,V,V,V,1,V
0.10709997005328507,0.8558914226860631,0.037008607260651964,L,L,L,L,1,L
0.277040481855574,0.42426587425607803,0.29869364388834807,L,L,LE,LV,1,LV
0.26307990060955605,0.48677046380564853,0.2501496355847955,L,L,LE,LE,1,LE
0.2816087351570745,0.46097696576820607,0.25741429907471935,L,L,LE,LE,1,LE
0.2319984559785092,0.1567617578307448,0.6112397861907459,V,V,V,V,1,V
0.26128728635812387,0.4428486988140856,0.2958640148277906,L,L,LE,LV,1,LV
0.2577668440715159,0.4418691676754466,0.30036398825303745,E,L,LE,LV,0,VA
0.24652347459746402,0.5303407157481275,0.2231358096544085,V,L,LE,LE,0,VA
0.31352277433031317,0.36288716330881354,0.3235900623608733,V,L,LE,LV,1,LV
0.24475047050382434,0.5001892756211369,0.2550602538750387,L,L,LE,LV,1,LV
0.25630466130217483,0.4318825259615999,0.31181281273622535,L,L,LE,LV,1,LV
0.23383394559590054,0.6013470486221754,0.164819005781924,L,L,L,L,1,L
0.24060675927919195,0.3848415009616917,0.37455173975911643,V,L,LE,LV,1,LV
0.20333186892080252,0.6877578702324556,0.10891026084674174,L,L,L,L,1,L
0.26409042882610073,0.5275280493699361,0.20838152180396316,L,L,LE,LE,1,LE
0.2746056426551639,0.3252105559087429,0.4001838014360933,V,V,EV,VL,1,VL
0.20897349845428617,0.6869497034801916,0.10407679806552221,E,L,L,L,0,VA
0.2861618491836588,0.5146632253807554,0.1991749254355859,L,L,LE,LE,1,LE
0.20462016318956608,0.6429172530516915,0.15246258375874258,E,L,L,L,0,VA
0.16151024734823533,0.7362572176361702,0.10223253501559451,L,L,L,L,1,L
0.2828930532949748,0.34156589953822625,0.375541047166799,V,V,EV,VL,1,VL
0.19947326908196522,0.6677584260055176,0.1327683049125172,L,L,L,L,1,L
0.2661061955386677,0.31982134258785855,0.4140724618734738,V,V,EV,VL,1,VL
0.28662258752741926,0.42110889024592413,0.29226852222665667,L,L,LE,LV,1,LV
0.2964958202906761,0.354543614293407,0.34896056541591686,L,L,LE,LV,1,LV
0.24551042325543235,0.5932967163514534,0.1611928603931143,E,L,LE,LE,1,LE
0.2243488322761432,0.1647445300376274,0.6109066376862294,L,V,V,V,0,VA
0.25538787487716824,0.561373650158283,0.18323847496454873,L,L,LE,LE,1,LE
0.23240430642799093,0.22429240125953673,0.5433032923124723,V,V,EV,VE,1,VE
0.25848602032547546,0.5910307909307017,0.15048318874382297,L,L,LE,LE,1,LE
0.144148131042266,0.7886195932617259,0.06723227569600816,L,L,L,L,1,L
0.2984201939810803,0.3841498175302386,0.3174299884886812,V,L,LE,LV,1,LV
0.2516211689739905,0.47588927406547704,0.2724895569605324,L,L,LE,LV,1,LV
0.1922507779713588,0.7170757329621642,0.09067348906647708,L,L,L,L,1,L
0.26869968991097815,0.49365131657827027,0.2376489935107516,E,L,LE,LE,1,LE
0.24256084291532815,0.641216122851565,0.1162230342331069,V,L,L,L,0,VA
0.2940354579568443,0.4399747288182357,0.26598981322491994,E,L,LE,LE,1,LE
0.26832701085580896,0.49399324465296107,0.23767974449123003,V,L,LE,LE,0,VA
0.17545117061147766,0.7627590837536441,0.06178974563487825,L,L,L,L,1,L
0.1463261283762261,0.8006285257934284,0.053045345830345515,L,L,L,L,1,L
0.2725682004174802,0.5370711132959934,0.19036068628652641,E,L,LE,LE,1,LE
0.28060737223033283,0.5342389271817234,0.18515370058794395,L,L,LE,LE,1,LE
0.26006567437072264,0.3121404648194555,0.4277938608098219,V,V,EV,VL,1,VL
0.18973255291216692,0.7107922950201228,0.09947515206771032,L,L,L,L,1,L
0.2965175912009258,0.2534612380745212,0.45002117072455305,L,V,EV,VE,0,VA
0.28970678694087915,0.4658011129804915,0.24449210007862934,L,L,LE,LE,1,LE
0.10006525493362987,0.8770167275652385,0.02291801750113152,L,L,L,L,1,L
0.24509938939688158,0.5036980664163384,0.25120254418677995,E,L,LE,LV,0,VA
0.23378614966819708,0.26509910544203164,0.5011147448897713,E,V,EV,VL,0,VA
0.2085321296628891,0.701917780610026,0.089550089727085,L,L,L,L,1,L
0.2106414708955077,0.6250077590541829,0.16435077005030932,L,L,L,L,1,L
0.2063180686894874,0.6574271662631567,0.13625476504735587,L,L,L,L,1,L
0.23856642234129355,0.6237665592931074,0.1376670183655991,E,L,L,L,0,VA
0.20926779203916043,0.6581434334629632,0.1325887744978763,E,L,L,L,0,VA
0.24823421605930804,0.3739551307483974,0.3778106531922945,E,V,EV,VL,0,VA
0.2668289324955971,0.5411606520049065,0.1920104154994965,L,L,LE,LE,1,LE
0.26753612550281236,0.25694489529161507,0.4755189792055725,V,V,EV,VE,1,VE
0.25520877869389264,0.34639478903991383,0.39839643226619353,V,V,EV,VL,1,VL
0.28225520176261676,0.3357838962321736,0.38196090200520966,L,V,EV,VL,1,VL
0.29576453579839423,0.4027320754068524,0.30150338879475336,L,L,LE,LV,1,LV
0.28294465907488464,0.46677388463000297,0.25028145629511234,L,L,LE,LE,1,LE
0.2959572344209235,0.4335036319345502,0.27053913364452636,L,L,LE,LE,1,LE
0.3063239730079806,0.3907190949764962,0.3029569320155232,L,L,LE,LE,1,LE
0.12214087251208819,0.8451456183276181,0.03271350916029372,L,L,L,L,1,L
0.24915477395714042,0.34329443889250766,0.407550787150352,E,V,EV,VL,0,VA
0.11770690077575277,0.8392894897781686,0.043003609446078395,L,L,L,L,1,L
0.1980056774995402,0.6789799446820247,0.12301437781843517,L,L,L,L,1,L
0.24026324433346385,0.5872903517222868,0.17244640394424932,V,L,LE,LE,0,VA
0.26110810349324365,0.42688571060040864,0.3120061859063476,E,L,LE,LV,0,VA
0.20146822497919512,0.6682473519482285,0.13028442307257643,L,L,L,L,1,L
0.26806703556968753,0.21050838994896734,0.5214245744813452,V,V,EV,VE,1,VE
0.3033833366051514,0.3597361484435969,0.3368805149512517,V,L,LE,LV,1,LV
0.25769504488358586,0.4470876135223019,0.2952173415941123,L,L,LE,LV,1,LV
0.2270620530226424,0.5861357771383412,0.1868021698390165,V,L,LE,LE,0,VA
0.2644583976685176,0.5796894594419044,0.155852142889578,L,L,LE,LE,1,LE
0.23313152444220803,0.5592816436228828,0.20758683193490918,L,L,LE,LE,1,LE
0.25815495872640243,0.5272142680006516,0.2146307732729459,E,L,LE,LE,1,LE
0.2891501854604983,0.4565738118972916,0.2542760026422101,L,L,LE,LE,1,LE
0.31011549644326863,0.328232305117579,0.36165219843915236,V,V,EV,VL,1,VL
0.18254534365272676,0.7059381930213423,0.11151646332593096,V,L,L,L,0,VA
0.27446249250585364,0.38805756808315645,0.3374799394109899,E,L,LE,LV,0,VA
0.27275261892495173,0.36143380130524705,0.36581357976980117,L,V,EV,VL,1,VL
0.24619061417118457,0.47142581485728724,0.2823835709715281,V,L,LE,LV,1,LV
0.24219269354465292,0.5156209865085659,0.24218631994678116,E,L,LE,LE,1,LE
0.29626030172057094,0.4492738310181324,0.2544658672612967,E,L,LE,LE,1,LE
0.22563160319056214,0.6271088462723227,0.14725955053711526,L,L,L,L,1,L
0.2322853246129111,0.5787107025742944,0.18900397281279455,V,L,LE,LE,0,VA
0.28491554759368537,0.2529868009604654,0.4620976514458492,E,V,EV,VE,1,VE
0.3016167830464918,0.3590510810422326,0.33933213591127553,V,L,LE,LV,1,LV
0.15035058570727752,0.7923472627650163,0.0573021515277062,E,L,L,L,0,VA
0.2845651022233557,0.4303494305106991,0.28508546726594514,L,L,LE,LV,1,LV
0.27533862806019743,0.4486472098637752,0.2760141620760273,V,L,LE,LV,1,LV
0.27086772483758653,0.39508708458053393,0.3340451905818795,L,L,LE,LV,1,LV
0.23537573703696374,0.48683189759616957,0.27779236536686674,E,L,LE,LV,0,VA
0.28427993389668027,0.42378662013351454,0.2919334459698053,V,L,LE,LV,1,LV
0.2718061120246781,0.42159881382139974,0.30659507415392206,L,L,LE,LV,1,LV
0.2924554948270472,0.3456929671308273,0.36185153804212544,E,V,EV,VL,0,VA
0.26506518975016935,0.4371545785576649,0.29778023169216583,E,L,LE,LV,0,VA
0.12388529303085183,0.8214621501192146,0.054652556849933455,L,L,L,L,1,L
0.13584933521646808,0.8123604505351357,0.05179021424839612,E,L,L,L,0,VA
0.2710283484831649,0.17949734357793165,0.5494743079389034,V,V,EV,VE,1,VE
0.26136499481372183,0.4154965804321311,0.32313842475414706,E,L,LE,LV,0,VA
0.266086519139034,0.3198885031897185,0.4140249776712475,E,V,EV,VL,0,VA
0.25318575915429076,0.42181046821130835,0.32500377263440094,L,L,LE,LV,1,LV
0.23265041254218685,0.5980381377064299,0.1693114497513833,E,L,LE,LE,1,LE
0.09720780957399337,0.877627563664962,0.025164626761044712,L,L,L,L,1,L
0.2386945009096325,0.607111168068065,0.15419433102230234,V,L,L,L,0,VA
0.2480418490040101,0.6182091642762906,0.13374898671969923,E,L,L,L,0,VA
0.27446728693839983,0.3854185035641997,0.34011420949740045,E,L,LE,LV,0,VA
0.2576993145696901,0.5341168196814279,0.20818386574888195,L,L,LE,LE,1,LE
0.23026296882044972,0.5622168402297919,0.20752019094975843,E,L,LE,LE,1,LE
0.24966667281238605,0.4073369325269364,0.3429963946606775,V,L,LE,LV,1,LV
0.27359954394993313,0.5364841120211739,0.18991634402889299,L,L,LE,LE,1,LE
0.21639834416391068,0.639808842476003,0.14379281336008626,L,L,L,L,1,L
0.29109800028748106,0.5100354977489551,0.1988665019635638,L,L,LE,LE,1,LE
0.24504501727730066,0.4451064063590716,0.3098485763636278,L,L,LE,LV,1,LV
0.26664839439849664,0.4050478656976577,0.32830373990384565,V,L,LE,LV,1,LV
0.27860411824566816,0.3058483749417169,0.415547506812615,E,V,EV,VL,0,VA
0.2730186423166501,0.5313799008403257,0.1956014568430242,E,L,LE,LE,1,LE
0.16953910793660382,0.7246953904358712,0.10576550162752488,L,L,L,L,1,L
0.23100312070742238,0.646507849526838,0.12248902976573957,L,L,L,L,1,L
0.23449462032766938,0.607756040939077,0.15774933873325364,L,L,L,L,1,L
0.2867798920903847,0.42469673828630905,0.28852336962330627,V,L,LE,LV,1,LV
0.3108728844015898,0.35051712107158506,0.33860999452682516,L,L,LE,LV,1,LV
0.21768287714242726,0.1399157576691537,0.6424013651884191,V,V,V,V,1,V
0.24895343306342135,0.2541095056719598,0.49693706126461884,E,V,EV,VL,0,VA
0.2152906722483553,0.10159984407565563,0.6831094836759891,V,V,V,V,1,V
0.19429296416751898,0.673880390891224,0.13182664494125695,L,L,L,L,1,L
0.27377137679227287,0.4346227551324933,0.29160586807523386,L,L,LE,LV,1,LV
0.24403729905394556,0.5192596260531432,0.2367030748929112,V,L,LE,LE,0,VA
0.27204656569367364,0.43751573885269784,0.2904376954536285,L,L,LE,LV,1,LV
0.29420349642811444,0.41527500023836034,0.2905215033335252,E,L,LE,LE,1,LE
0.17616177604323272,0.7416587440277954,0.08217947992897184,L,L,L,L,1,L
0.11981564446470007,0.8499310473989149,0.03025330813638494,E,L,L,L,0,VA
0.29315460610719,0.3066712906020437,0.4001741032907663,V,V,EV,VL,1,VL
0.21299645829179614,0.5433900354192603,0.24361350628894352,L,L,LE,LV,1,LV
0.22140334437046955,0.6345286860886162,0.14406796954091422,L,L,L,L,1,L
0.2598155306170524,0.5150044004839588,0.22518006889898873,L,L,LE,LE,1,LE
0.30071162809392316,0.5049277903694289,0.19436058153664784,E,L,LE,LE,1,LE
0.22351544400776896,0.5786692331357784,0.19781532285645256,V,L,LE,LE,0,VA
0.24167653062877642,0.4923346699968853,0.2659887993743382,V,L,LE,LV,1,LV
0.22863521982183016,0.514212339996069,0.25715244018210087,V,L,LE,LV,1,LV
0.23795917036551598,0.6108299682081725,0.1512108614263116,L,L,L,L,1,L
0.2437667176353684,0.5464569285318169,0.20977635383281465,L,L,LE,LE,1,LE
0.23411333011305577,0.2302333729383696,0.5356532969485746,E,V,EV,VE,1,VE
0.2064812434949819,0.6630248339031116,0.13049392260190645,E,L,L,L,0,VA
0.21590783313004058,0.65411937429755,0.1299727925724095,E,L,L,L,0,VA
0.2628259201868159,0.49391165063055725,0.24326242918262686,L,L,LE,LE,1,LE
0.15595502169310005,0.756578612236965,0.08746636606993494,L,L,L,L,1,L
0.30993727824024414,0.29850260409782425,0.3915601176619316,V,V,EV,VE,1,VE
0.24852432227211577,0.5077998562133713,0.24367582151451286,L,L,LE,LE,1,LE
0.2388961420661888,0.49845453813436713,0.26264931979944417,L,L,LE,LV,1,LV
0.25836000825808814,0.3896580145134703,0.3519819772284416,V,L,LE,LV,1,LV
0.24029990231795542,0.23018737399395897,0.5295127236880857,E,V,EV,VE,1,VE
0.21909665175318227,0.6627013737347859,0.11820197451203186,L,L,L,L,1,L
0.29857019493083203,0.27581438228444394,0.42561542278472414,E,V,EV,VE,1,VE
0.2675215579048674,0.3849284633982536,0.3475499786968789,E,L,LE,LV,0,VA
0.28860120365015135,0.4450700356933962,0.26632876065645256,V,L,LE,LE,0,VA
0.2698545574002954,0.35778730321706215,0.37235813938264245,V,V,EV,VL,1,VL
0.10274235065779576,0.8628564834968605,0.03440116584534387,L,L,L,L,1,L
0.27609711191598324,0.4093371094858885,0.31456577859812834,V,L,LE,LV,1,LV
0.2923695405837674,0.24554542940459156,0.46208503001164086,V,V,EV,VE,1,VE
0.2334212316996195,0.24521666068105952,0.521362107619321,L,V,EV,VL,1,VL
0.20847408911724155,0.5967629333202689,0.19476297756248956,L,L,LE,LE,1,LE
0.24743320513621014,0.4253277459722821,0.3272390488915077,V,L,LE,LV,1,LV
0.22059710765383517,0.5662531661648259,0.21314972618133898,E,L,LE,LE,1,LE
0.2504235650855116,0.41807214398296944,0.331504290931519,E,L,LE,LV,0,VA
0.28257335310745524,0.1992546888186737,0.5181719580738711,V,V,EV,VE,1,VE
0.2835667044561512,0.3870492595657986,0.32938403597805027,L,L,LE,LV,1,LV
0.3002321233522462,0.381508713376343,0.3182591632714108,E,L,LE,LV,0,VA
0.22407443578927905,0.14419873352855472,0.6317268306821663,V,V,V,V,1,V
0.24007252672101498,0.4624072162587821,0.2975202570202028,L,L,LE,LV,1,LV
0.27392543443498985,0.5417470483127425,0.1843275172522678,L,L,LE,LE,1,LE
0.2628493092142942,0.5253740449964989,0.2117766457892069,L,L,LE,LE,1,LE
0.27166027450068053,0.2749499938349892,0.45338973166433033,L,V,EV,VL,1,VL
0.2785676648647253,0.3882212044869415,0.33321113064833324,E,L,LE,LV,0,VA
0.2825775209819234,0.4640976340298926,0.253324844988184,L,L,LE,LE,1,LE
0.29004789172971707,0.3581982581658985,0.3517538501043844,E,L,LE,LV,0,VA
0.1891880148060825,0.6967112580138841,0.11410072718003345,L,L,L,L,1,L
0.31148492798942434,0.36584363467214265,0.32267143733843295,V,L,LE,LV,1,LV
0.27134128481927733,0.3949429570847203,0.3337157580960023,V,L,LE,LV,1,LV
0.27464893304158255,0.24602019714301296,0.4793308698154044,L,V,EV,VE,0,VA
0.22566991903214742,0.6542472075251532,0.12008287344269943,L,L,L,L,1,L
0.25273112052158886,0.5846520674768293,0.16261681200158185,E,L,LE,LE,1,LE
0.15662624672976644,0.7826370826089161,0.060736670661317424,L,L,L,L,1,L
0.2496332493790003,0.5738849370515935,0.17648181356940637,L,L,LE,LE,1,LE
0.27507188564845375,0.5017797225592349,0.22314839179231122,E,L,LE,LE,1,LE
0.28938434629145704,0.40873767713381726,0.30187797657472565,L,L,LE,LV,1,LV
0.2864760983105316,0.368959773119876,0.3445641285695924,V,L,LE,LV,1,LV
0.29278012831789296,0.3610833542627285,0.3461365174193785,V,L,LE,LV,1,LV
0.2706350119551067,0.5486071522263599,0.1807578358185335,V,L,LE,LE,0,VA
0.2296666688138329,0.6136029851345771,0.15673034605159,E,L,L,L,0,VA
0.18582402794134228,0.7349015823631458,0.07927438969551197,L,L,L,L,1,L
0.21403992775857703,0.690988068201046,0.09497200404037708,L,L,L,L,1,L
0.31273865739825335,0.3809802498210125,0.3062810927807342,L,L,LE,LE,1,LE
0.2948950784113934,0.43733100039255357,0.26777392119605303,V,L,LE,LE,0,VA
0.26122142138691795,0.5701793583363145,0.1685992202767676,L,L,LE,LE,1,LE
0.2550003834294704,0.5205201235873839,0.22447949298314573,L,L,LE,LE,1,LE
0.2928478041645079,0.2719688544772442,0.43518334135824793,E,V,EV,VE,1,VE
0.2754356691713882,0.5277798499699153,0.19678448085869646,L,L,LE,LE,1,LE
0.28765215506018527,0.42806306313662584,0.284284781803189,L,L,LE,LE,1,LE
0.27769169992848386,0.4391634861512515,0.2831448139202645,E,L,LE,LV,0,VA
0.271886216531065,0.3917233967612117,0.3363903867077232,L,L,LE,LV,1,LV
0.27164897979744496,0.5798178599833494,0.14853316021920562,L,L,LE,LE,1,LE
0.2006706075342086,0.5988365627676063,0.20049282969818516,L,L,LE,LE,1,LE
0.26282720401740306,0.5057300770169246,0.23144271896567228,E,L,LE,LE,1,LE
0.2641295672920067,0.5140434554376498,0.22182697727034348,L,L,LE,LE,1,LE
0.2812261355471524,0.4168274436883192,0.30194642076452827,L,L,LE,LV,1,LV
0.2756617329616002,0.37130232406063024,0.3530359429777696,E,L,LE,LV,0,VA
0.28355684461238123,0.412047877932999,0.30439527745461986,L,L,LE,LV,1,LV
0.29734151377723467,0.3773888572986862,0.3252696289240792,E,L,LE,LV,0,VA
0.3120024677875647,0.4046072240768248,0.28339030813561056,L,L,LE,LE,1,LE
0.28502863201629924,0.5157486424477139,0.19922272553598686,L,L,LE,LE,1,LE
0.3156767498321883,0.4495984522113756,0.23472479795643617,L,L,LE,LE,1,LE
0.2692688508579177,0.45709933063572816,0.2736318185063541,V,L,LE,LV,1,LV
0.23037264252757308,0.6242907375913112,0.14533661988111582,L,L,L,L,1,L
0.29746512955256366,0.4391164639676411,0.2634184064797952,L,L,LE,LE,1,LE
